ID,label
0,7
1,2
2,3
3,11
4,0
5,4
6,7
7,12
8,10
9,1
10,7
11,2
12,19
13,7
14,2
15,0
16,5
17,12
18,13
19,6
20,6
21,1
22,8
23,1
24,2
25,10
26,26
27,3
28,13
29,1
30,5
31,0
32,5
33,7
34,5
35,7
36,7
37,0
38,5
39,11
40,0
41,5
42,12
43,6
44,8
45,3
46,0
47,12
48,7
49,0
50,8
51,26
52,6
53,12
54,8
55,11
56,0
57,15
58,17
59,2
60,1
61,7
62,8
63,6
64,13
65,1
66,7
67,13
68,1
69,19
70,14
71,7
72,7
73,8
74,8
75,2
76,11
77,10
78,11
79,12
80,3
81,3
82,12
83,19
84,11
85,2
86,5
87,9
88,7
89,2
90,10
91,4
92,0
93,0
94,25
95,23
96,14
97,8
98,7
99,19
100,11
101,5
102,0
103,1
104,8
105,1
106,8
107,3
108,8
109,8
110,0
111,1
112,5
113,19
114,2
115,8
116,15
117,7
118,5
119,13
120,8
121,1
122,8
123,2
124,11
125,11
126,12
127,6
128,10
129,8
130,9
131,7
132,3
133,7
134,19
135,14
136,7
137,8
138,13
139,13
140,7
141,8
142,5
143,7
144,14
145,1
146,2
147,2
148,9
149,3
150,7
151,7
152,6
153,8
154,7
155,2
156,5
157,11
158,19
159,8
160,14
161,13
162,5
163,19
164,7
165,6
166,8
167,8
168,19
169,7
170,0
171,7
172,8
173,0
174,13
175,4
176,1
177,4
178,10
179,21
180,7
181,3
182,1
183,8
184,5
185,2
186,0
187,21
188,15
189,6
190,7
191,8
192,16
193,1
194,12
195,9
196,12
197,12
198,5
199,8
200,12
201,1
202,13
203,6
204,0
205,7
206,3
207,6
208,1
209,3
210,26
211,10
212,7
213,3
214,8
215,3
216,8
217,11
218,6
219,11
220,25
221,11
222,9
223,1
224,4
225,20
226,1
227,26
228,19
229,8
230,8
231,4
232,1
233,13
234,23
235,8
236,7
237,0
238,5
239,14
240,8
241,5
242,1
243,19
244,6
245,15
246,10
247,19
248,12
249,11
250,1
251,11
252,0
253,6
254,12
255,2
256,12
257,7
258,5
259,1
260,1
261,4
262,6
263,0
264,5
265,0
266,7
267,15
268,11
269,9
270,8
271,8
272,5
273,8
274,4
275,7
276,1
277,3
278,5
279,11
280,2
281,5
282,15
283,8
284,4
285,3
286,9
287,14
288,1
289,7
290,7
291,4
292,4
293,11
294,1
295,7
296,21
297,8
298,10
299,8
300,10
301,5
302,11
303,7
304,19
305,0
306,8
307,8
308,1
309,8
310,5
311,19
312,16
313,4
314,3
315,7
316,11
317,16
318,25
319,8
320,7
321,8
322,7
323,1
324,14
325,19
326,2
327,11
328,11
329,5
330,12
331,2
332,19
333,23
334,4
335,10
336,14
337,7
338,5
339,1
340,5
341,14
342,19
343,6
344,9
345,8
346,6
347,8
348,6
349,6
350,15
351,12
352,4
353,8
354,8
355,1
356,12
357,5
358,11
359,12
360,2
361,10
362,12
363,2
364,7
365,11
366,2
367,12
368,4
369,3
370,7
371,3
372,8
373,0
374,8
375,10
376,7
377,3
378,7
379,7
380,17
381,4
382,1
383,1
384,8
385,8
386,7
387,11
388,7
389,2
390,6
391,19
392,11
393,8
394,7
395,7
396,8
397,1
398,5
399,5
400,1
401,15
402,11
403,12
404,13
405,5
406,8
407,11
408,11
409,2
410,15
411,11
412,10
413,11
414,0
415,7
416,25
417,9
418,1
419,0
420,5
421,8
422,1
423,11
424,14
425,23
426,13
427,0
428,20
429,7
430,12
431,8
432,10
433,28
434,9
435,9
436,19
437,19
438,6
439,3
440,8
441,1
442,10
443,0
444,1
445,19
446,1
447,5
448,7
449,4
450,1
451,8
452,3
453,7
454,13
455,11
456,23
457,10
458,1
459,8
460,6
461,6
462,1
463,9
464,13
465,5
466,7
467,4
468,26
469,7
470,15
471,11
472,3
473,1
474,1
475,11
476,0
477,2
478,1
479,8
480,1
481,7
482,7
483,8
484,15
485,14
486,9
487,11
488,12
489,11
490,5
491,1
492,7
493,8
494,11
495,15
496,11
497,1
498,8
499,6
500,8
501,5
502,11
503,7
504,8
505,7
506,7
507,9
508,9
509,12
510,2
511,9
512,13
513,1
514,4
515,12
516,12
517,13
518,6
519,1
520,1
521,25
522,8
523,8
524,6
525,5
526,0
527,8
528,7
529,8
530,15
531,1
532,12
533,6
534,7
535,13
536,8
537,0
538,6
539,19
540,3
541,12
542,1
543,8
544,2
545,1
546,7
547,7
548,12
549,5
550,1
551,16
552,14
553,8
554,14
555,6
556,26
557,3
558,8
559,16
560,3
561,7
562,12
563,6
564,6
565,8
566,0
567,4
568,13
569,0
570,7
571,6
572,11
573,7
574,3
575,7
576,5
577,11
578,8
579,2
580,0
581,15
582,6
583,7
584,1
585,11
586,3
587,13
588,5
589,7
590,8
591,9
592,8
593,7
594,15
595,12
596,8
597,8
598,0
599,7
600,9
601,12
602,2
603,8
604,9
605,1
606,7
607,11
608,26
609,5
610,19
611,1
612,8
613,12
614,19
615,8
616,12
617,8
618,8
619,19
620,9
621,7
622,8
623,22
624,10
625,1
626,0
627,8
628,10
629,25
630,5
631,9
632,9
633,11
634,5
635,11
636,1
637,8
638,7
639,1
640,11
641,12
642,4
643,11
644,0
645,8
646,25
647,2
648,8
649,7
650,11
651,1
652,8
653,1
654,12
655,16
656,5
657,19
658,12
659,6
660,8
661,13
662,5
663,2
664,7
665,0
666,0
667,5
668,4
669,1
670,12
671,3
672,11
673,8
674,6
675,7
676,8
677,25
678,2
679,4
680,2
681,13
682,7
683,11
684,0
685,1
686,6
687,25
688,25
689,3
690,8
691,1
692,1
693,12
694,1
695,9
696,8
697,5
698,0
699,9
700,11
701,7
702,3
703,1
704,4
705,7
706,2
707,7
708,2
709,8
710,16
711,12
712,12
713,11
714,7
715,8
716,11
717,11
718,6
719,5
720,8
721,12
722,7
723,5
724,7
725,6
726,9
727,19
728,1
729,7
730,7
731,12
732,12
733,12
734,8
735,13
736,9
737,2
738,19
739,8
740,3
741,3
742,7
743,1
744,8
745,9
746,0
747,7
748,12
749,2
750,26
751,13
752,9
753,23
754,13
755,4
756,7
757,7
758,8
759,7
760,2
761,0
762,19
763,0
764,6
765,19
766,19
767,4
768,7
769,8
770,8
771,6
772,0
773,13
774,8
775,7
776,7
777,1
778,12
779,1
780,12
781,8
782,17
783,5
784,2
785,12
786,26
787,1
788,3
789,7
790,3
791,14
792,0
793,7
794,1
795,1
796,1
797,9
798,8
799,14
800,6
801,2
802,6
803,1
804,22
805,7
806,7
807,0
808,7
809,8
810,7
811,19
812,1
813,8
814,13
815,7
816,7
817,8
818,8
819,12
820,12
821,13
822,11
823,19
824,1
825,1
826,8
827,17
828,7
829,1
830,15
831,1
832,11
833,0
834,0
835,5
836,0
837,3
838,8
839,11
840,7
841,8
842,19
843,5
844,5
845,11
846,6
847,1
848,10
849,14
850,15
851,6
852,3
853,5
854,7
855,0
856,11
857,6
858,7
859,7
860,7
861,26
862,3
863,4
864,6
865,19
866,7
867,13
868,11
869,7
870,7
871,6
872,7
873,1
874,12
875,0
876,3
877,0
878,4
879,0
880,9
881,1
882,0
883,4
884,7
885,7
886,11
887,8
888,1
889,19
890,7
891,12
892,2
893,11
894,6
895,11
896,19
897,8
898,5
899,8
900,11
901,6
902,6
903,12
904,11
905,19
906,8
907,7
908,11
909,15
910,18
911,7
912,11
913,2
914,20
915,5
916,9
917,1
918,5
919,8
920,13
921,19
922,11
923,1
924,3
925,19
926,1
927,11
928,9
929,9
930,1
931,0
932,9
933,7
934,7
935,5
936,12
937,8
938,7
939,8
940,16
941,1
942,3
943,7
944,4
945,11
946,1
947,0
948,8
949,12
950,0
951,8
952,0
953,4
954,7
955,11
956,4
957,11
958,15
959,1
960,11
961,6
962,0
963,1
964,6
965,19
966,6
967,8
968,5
969,9
970,7
971,7
972,16
973,6
974,2
975,23
976,7
977,1
978,8
979,0
980,7
981,25
982,19
983,8
984,11
985,11
986,11
987,9
988,1
989,5
990,7
991,0
992,5
993,6
994,1
995,6
996,9
997,2
998,0
999,7
1000,13
1001,11
1002,0
1003,6
1004,12
1005,13
1006,1
1007,1
1008,5
1009,5
1010,11
1011,1
1012,12
1013,8
1014,1
1015,2
1016,0
1017,8
1018,1
1019,9
1020,8
1021,19
1022,8
1023,1
1024,0
1025,16
1026,8
1027,5
1028,1
1029,7
1030,3
1031,8
1032,19
1033,4
1034,11
1035,8
1036,8
1037,1
1038,16
1039,8
1040,25
1041,12
1042,3
1043,12
1044,1
1045,7
1046,7
1047,6
1048,0
1049,0
1050,8
1051,10
1052,1
1053,12
1054,0
1055,3
1056,0
1057,0
1058,4
1059,2
1060,8
1061,6
1062,1
1063,11
1064,6
1065,7
1066,13
1067,12
1068,11
1069,11
1070,12
1071,6
1072,7
1073,3
1074,3
1075,12
1076,14
1077,8
1078,25
1079,19
1080,7
1081,12
1082,0
1083,8
1084,19
1085,2
1086,15
1087,7
1088,11
1089,5
1090,8
1091,11
1092,1
1093,11
1094,12
1095,4
1096,8
1097,0
1098,1
1099,0
1100,0
1101,7
1102,5
1103,14
1104,5
1105,0
1106,13
1107,8
1108,0
1109,1
1110,7
1111,1
1112,25
1113,6
1114,7
1115,3
1116,12
1117,10
1118,1
1119,6
1120,7
1121,2
1122,7
1123,6
1124,19
1125,12
1126,7
1127,0
1128,1
1129,1
1130,7
1131,9
1132,3
1133,5
1134,8
1135,9
1136,1
1137,9
1138,25
1139,5
1140,7
1141,1
1142,12
1143,11
1144,0
1145,10
1146,8
1147,4
1148,9
1149,11
1150,5
1151,25
1152,12
1153,3
1154,7
1155,7
1156,1
1157,25
1158,12
1159,19
1160,3
1161,0
1162,15
1163,0
1164,1
1165,6
1166,8
1167,7
1168,1
1169,5
1170,9
1171,1
1172,7
1173,0
1174,7
1175,0
1176,8
1177,1
1178,7
1179,7
1180,11
1181,2
1182,1
1183,14
1184,8
1185,12
1186,3
1187,12
1188,1
1189,8
1190,6
1191,0
1192,1
1193,9
1194,8
1195,19
1196,7
1197,4
1198,7
1199,7
1200,12
1201,9
1202,1
1203,5
1204,5
1205,1
1206,1
1207,9
1208,19
1209,9
1210,7
1211,8
1212,10
1213,4
1214,7
1215,12
1216,0
1217,6
1218,19
1219,7
1220,3
1221,7
1222,7
1223,0
1224,14
1225,1
1226,4
1227,8
1228,26
1229,13
1230,0
1231,7
1232,1
1233,1
1234,1
1235,7
1236,5
1237,9
1238,9
1239,1
1240,1
1241,8
1242,5
1243,6
1244,7
1245,1
1246,11
1247,8
1248,0
1249,1
1250,8
1251,4
1252,8
1253,19
1254,8
1255,11
1256,3
1257,12
1258,0
1259,1
1260,12
1261,5
1262,1
1263,9
1264,9
1265,6
1266,7
1267,6
1268,8
1269,15
1270,19
1271,11
1272,7
1273,19
1274,11
1275,2
1276,26
1277,9
1278,13
1279,1
1280,4
1281,5
1282,11
1283,11
1284,12
1285,7
1286,8
1287,1
1288,0
1289,15
1290,11
1291,6
1292,1
1293,5
1294,1
1295,1
1296,11
1297,7
1298,11
1299,1
1300,15
1301,14
1302,10
1303,5
1304,12
1305,0
1306,3
1307,7
1308,8
1309,12
1310,14
1311,4
1312,8
1313,8
1314,4
1315,7
1316,7
1317,1
1318,7
1319,2
1320,1
1321,1
1322,1
1323,2
1324,13
1325,3
1326,6
1327,7
1328,10
1329,16
1330,13
1331,6
1332,7
1333,13
1334,2
1335,6
1336,10
1337,8
1338,8
1339,4
1340,0
1341,9
1342,9
1343,19
1344,10
1345,11
1346,19
1347,0
1348,8
1349,8
1350,7
1351,11
1352,8
1353,12
1354,9
1355,20
1356,16
1357,1
1358,3
1359,11
1360,0
1361,8
1362,0
1363,9
1364,8
1365,5
1366,6
1367,10
1368,12
1369,0
1370,12
1371,11
1372,7
1373,7
1374,11
1375,12
1376,12
1377,23
1378,8
1379,5
1380,8
1381,9
1382,7
1383,3
1384,7
1385,8
1386,6
1387,7
1388,25
1389,1
1390,2
1391,7
1392,15
1393,0
1394,7
1395,3
1396,3
1397,6
1398,4
1399,8
1400,0
1401,9
1402,5
1403,10
1404,0
1405,6
1406,19
1407,10
1408,8
1409,7
1410,13
1411,1
1412,6
1413,8
1414,11
1415,19
1416,6
1417,12
1418,8
1419,7
1420,7
1421,1
1422,4
1423,5
1424,0
1425,8
1426,25
1427,6
1428,12
1429,3
1430,2
1431,5
1432,7
1433,5
1434,12
1435,1
1436,19
1437,7
1438,15
1439,14
1440,8
1441,4
1442,19
1443,3
1444,7
1445,7
1446,8
1447,19
1448,11
1449,26
1450,25
1451,8
1452,15
1453,8
1454,7
1455,8
1456,8
1457,8
1458,11
1459,6
1460,1
1461,4
1462,1
1463,1
1464,10
1465,8
1466,8
1467,9
1468,5
1469,7
1470,8
1471,19
1472,7
1473,9
1474,4
1475,6
1476,8
1477,7
1478,9
1479,8
1480,8
1481,7
1482,19
1483,7
1484,12
1485,7
1486,8
1487,0
1488,12
1489,7
1490,7
1491,0
1492,9
1493,8
1494,1
1495,7
1496,7
1497,16
1498,7
1499,7
1500,8
1501,23
1502,8
1503,2
1504,6
1505,5
1506,12
1507,11
1508,15
1509,7
1510,10
1511,3
1512,7
1513,1
1514,8
1515,1
1516,8
1517,7
1518,3
1519,23
1520,13
1521,3
1522,1
1523,8
1524,7
1525,1
1526,19
1527,1
1528,12
1529,7
1530,0
1531,16
1532,1
1533,5
1534,3
1535,19
1536,4
1537,4
1538,5
1539,26
1540,5
1541,5
1542,8
1543,7
1544,11
1545,12
1546,8
1547,16
1548,3
1549,1
1550,11
1551,11
1552,2
1553,1
1554,12
1555,10
1556,8
1557,3
1558,8
1559,0
1560,20
1561,9
1562,19
1563,1
1564,8
1565,25
1566,11
1567,7
1568,1
1569,8
1570,0
1571,1
1572,12
1573,7
1574,8
1575,9
1576,5
1577,7
1578,7
1579,8
1580,7
1581,11
1582,14
1583,9
1584,5
1585,9
1586,22
1587,7
1588,5
1589,7
1590,1
1591,7
1592,17
1593,6
1594,8
1595,25
1596,2
1597,14
1598,12
1599,8
1600,1
1601,1
1602,13
1603,12
1604,19
1605,12
1606,8
1607,11
1608,6
1609,3
1610,2
1611,8
1612,10
1613,7
1614,8
1615,4
1616,6
1617,2
1618,11
1619,7
1620,11
1621,12
1622,8
1623,7
1624,1
1625,23
1626,1
1627,7
1628,1
1629,4
1630,7
1631,8
1632,3
1633,6
1634,6
1635,7
1636,19
1637,1
1638,3
1639,6
1640,14
1641,8
1642,1
1643,19
1644,3
1645,1
1646,3
1647,4
1648,1
1649,2
1650,23
1651,15
1652,2
1653,11
1654,5
1655,11
1656,0
1657,8
1658,2
1659,7
1660,19
1661,8
1662,0
1663,7
1664,3
1665,11
1666,5
1667,5
1668,6
1669,8
1670,8
1671,9
1672,1
1673,5
1674,7
1675,3
1676,6
1677,7
1678,25
1679,5
1680,1
1681,11
1682,16
1683,15
1684,9
1685,19
1686,0
1687,7
1688,1
1689,8
1690,18
1691,23
1692,0
1693,5
1694,2
1695,11
1696,3
1697,1
1698,11
1699,7
1700,8
1701,11
1702,12
1703,7
1704,11
1705,3
1706,8
1707,9
1708,5
1709,1
1710,7
1711,11
1712,8
1713,1
1714,7
1715,11
1716,20
1717,11
1718,6
1719,7
1720,4
1721,1
1722,1
1723,16
1724,12
1725,7
1726,6
1727,26
1728,18
1729,19
1730,5
1731,4
1732,2
1733,0
1734,0
1735,8
1736,12
1737,11
1738,4
1739,4
1740,11
1741,0
1742,5
1743,1
1744,4
1745,3
1746,7
1747,7
1748,1
1749,4
1750,19
1751,6
1752,7
1753,6
1754,11
1755,12
1756,9
1757,8
1758,11
1759,7
1760,22
1761,25
1762,7
1763,6
1764,14
1765,0
1766,12
1767,1
1768,7
1769,8
1770,8
1771,8
1772,19
1773,6
1774,8
1775,25
1776,3
1777,8
1778,0
1779,3
1780,6
1781,5
1782,1
1783,10
1784,7
1785,13
1786,0
1787,9
1788,1
1789,19
1790,20
1791,5
1792,8
1793,11
1794,1
1795,8
1796,8
1797,1
1798,6
1799,7
1800,3
1801,8
1802,5
1803,7
1804,4
1805,8
1806,3
1807,1
1808,8
1809,9
1810,8
1811,12
1812,8
1813,8
1814,4
1815,26
1816,15
1817,1
1818,8
1819,1
1820,7
1821,7
1822,5
1823,1
1824,6
1825,10
1826,7
1827,16
1828,1
1829,12
1830,8
1831,3
1832,7
1833,12
1834,7
1835,20
1836,14
1837,1
1838,7
1839,12
1840,3
1841,9
1842,19
1843,4
1844,6
1845,3
1846,8
1847,5
1848,9
1849,7
1850,0
1851,8
1852,25
1853,3
1854,16
1855,3
1856,7
1857,12
1858,1
1859,7
1860,8
1861,13
1862,10
1863,13
1864,1
1865,1
1866,7
1867,12
1868,8
1869,8
1870,19
1871,7
1872,8
1873,8
1874,1
1875,15
1876,8
1877,1
1878,1
1879,8
1880,1
1881,4
1882,11
1883,1
1884,3
1885,2
1886,12
1887,7
1888,9
1889,9
1890,8
1891,9
1892,19
1893,8
1894,1
1895,9
1896,12
1897,2
1898,8
1899,8
1900,11
1901,8
1902,1
1903,9
1904,0
1905,8
1906,1
1907,12
1908,2
1909,4
1910,11
1911,7
1912,1
1913,2
1914,4
1915,7
1916,8
1917,11
1918,1
1919,5
1920,19
1921,13
1922,7
1923,25
1924,3
1925,19
1926,7
1927,28
1928,8
1929,8
1930,5
1931,7
1932,5
1933,5
1934,3
1935,11
1936,1
1937,3
1938,5
1939,8
1940,9
1941,9
1942,20
1943,2
1944,7
1945,7
1946,1
1947,3
1948,1
1949,8
1950,15
1951,6
1952,7
1953,9
1954,4
1955,16
1956,7
1957,7
1958,19
1959,9
1960,7
1961,1
1962,8
1963,2
1964,8
1965,7
1966,19
1967,14
1968,1
1969,11
1970,7
1971,7
1972,8
1973,7
1974,7
1975,5
1976,8
1977,3
1978,1
1979,3
1980,6
1981,15
1982,9
1983,16
1984,8
1985,5
1986,4
1987,3
1988,8
1989,3
1990,0
1991,12
1992,12
1993,1
1994,1
1995,3
1996,7
1997,8
1998,8
1999,1
2000,8
2001,6
2002,4
2003,7
2004,10
2005,12
2006,11
2007,19
2008,8
2009,23
2010,1
2011,12
2012,0
2013,7
2014,13
2015,8
2016,1
2017,9
2018,1
2019,11
2020,8
2021,1
2022,5
2023,13
2024,8
2025,4
2026,1
2027,1
2028,4
2029,12
2030,5
2031,7
2032,7
2033,16
2034,8
2035,1
2036,13
2037,1
2038,9
2039,8
2040,5
2041,0
2042,3
2043,11
2044,8
2045,13
2046,3
2047,9
2048,13
2049,6
2050,25
2051,3
2052,8
2053,0
2054,7
2055,8
2056,9
2057,0
2058,12
2059,10
2060,2
2061,8
2062,12
2063,5
2064,5
2065,7
2066,8
2067,5
2068,11
2069,12
2070,23
2071,3
2072,5
2073,7
2074,1
2075,6
2076,8
2077,2
2078,12
2079,6
2080,7
2081,5
2082,19
2083,15
2084,12
2085,4
2086,12
2087,7
2088,5
2089,5
2090,3
2091,5
2092,3
2093,14
2094,7
2095,26
2096,7
2097,8
2098,8
2099,8
2100,6
2101,1
2102,0
2103,11
2104,1
2105,12
2106,7
2107,4
2108,11
2109,25
2110,2
2111,7
2112,15
2113,13
2114,9
2115,1
2116,11
2117,25
2118,1
2119,8
2120,5
2121,12
2122,7
2123,26
2124,19
2125,19
2126,3
2127,5
2128,8
2129,1
2130,25
2131,6
2132,12
2133,19
2134,1
2135,2
2136,14
2137,7
2138,19
2139,12
2140,1
2141,3
2142,7
2143,13
2144,1
2145,11
2146,10
2147,8
2148,2
2149,6
2150,5
2151,7
2152,7
2153,12
2154,1
2155,8
2156,1
2157,6
2158,8
2159,8
2160,3
2161,9
2162,11
2163,7
2164,3
2165,6
2166,8
2167,7
2168,6
2169,3
2170,1
2171,10
2172,0
2173,18
2174,8
2175,0
2176,0
2177,8
2178,8
2179,9
2180,8
2181,12
2182,21
2183,6
2184,19
2185,5
2186,1
2187,8
2188,8
2189,1
2190,8
2191,8
2192,5
2193,8
2194,19
2195,5
2196,7
2197,7
2198,5
2199,12
2200,2
2201,19
2202,7
2203,8
2204,7
2205,11
2206,7
2207,15
2208,3
2209,1
2210,7
2211,4
2212,2
2213,1
2214,4
2215,21
2216,5
2217,1
2218,9
2219,7
2220,0
2221,7
2222,1
2223,1
2224,13
2225,20
2226,20
2227,8
2228,14
2229,3
2230,0
2231,8
2232,7
2233,1
2234,12
2235,8
2236,1
2237,11
2238,8
2239,8
2240,1
2241,8
2242,7
2243,0
2244,2
2245,8
2246,8
2247,6
2248,1
2249,12
2250,10
2251,8
2252,0
2253,19
2254,3
2255,3
2256,8
2257,6
2258,11
2259,12
2260,6
2261,3
2262,0
2263,3
2264,12
2265,12
2266,7
2267,11
2268,1
2269,9
2270,15
2271,3
2272,0
2273,19
2274,9
2275,8
2276,7
2277,11
2278,14
2279,0
2280,8
2281,7
2282,1
2283,12
2284,12
2285,12
2286,6
2287,2
2288,13
2289,5
2290,12
2291,1
2292,8
2293,1
2294,8
2295,11
2296,1
2297,8
2298,1
2299,12
2300,8
2301,13
2302,4
2303,5
2304,8
2305,9
2306,3
2307,19
2308,12
2309,11
2310,15
2311,8
2312,1
2313,0
2314,9
2315,0
2316,9
2317,8
2318,5
2319,11
2320,13
2321,15
2322,0
2323,12
2324,8
2325,10
2326,4
2327,11
2328,12
2329,3
2330,1
2331,7
2332,1
2333,3
2334,4
2335,11
2336,13
2337,6
2338,5
2339,4
2340,8
2341,15
2342,7
2343,10
2344,0
2345,9
2346,4
2347,4
2348,14
2349,0
2350,7
2351,6
2352,11
2353,5
2354,1
2355,1
2356,0
2357,11
2358,1
2359,8
2360,8
2361,9
2362,11
2363,1
2364,8
2365,7
2366,11
2367,2
2368,8
2369,1
2370,0
2371,15
2372,8
2373,11
2374,7
2375,15
2376,8
2377,3
2378,6
2379,1
2380,12
2381,9
2382,19
2383,19
2384,4
2385,2
2386,1
2387,0
2388,11
2389,7
2390,12
2391,13
2392,7
2393,8
2394,5
2395,7
2396,13
2397,19
2398,6
2399,15
2400,8
2401,7
2402,7
2403,22
2404,8
2405,5
2406,0
2407,6
2408,2
2409,13
2410,9
2411,8
2412,0
2413,7
2414,7
2415,8
2416,19
2417,1
2418,8
2419,1
2420,4
2421,7
2422,9
2423,7
2424,7
2425,12
2426,13
2427,4
2428,6
2429,7
2430,2
2431,8
2432,11
2433,19
2434,13
2435,7
2436,11
2437,8
2438,8
2439,1
2440,26
2441,7
2442,9
2443,11
2444,7
2445,0
2446,8
2447,0
2448,12
2449,12
2450,9
2451,7
2452,15
2453,19
2454,11
2455,9
2456,4
2457,7
2458,2
2459,3
2460,4
2461,11
2462,8
2463,6
2464,10
2465,0
2466,4
2467,1
2468,5
2469,0
2470,1
2471,1
2472,2
2473,5
2474,3
2475,4
2476,3
2477,7
2478,7
2479,0
2480,1
2481,1
2482,3
2483,11
2484,7
2485,4
2486,7
2487,5
2488,15
2489,6
2490,14
2491,0
2492,0
2493,13
2494,9
2495,13
2496,1
2497,16
2498,12
2499,3
2500,7
2501,1
2502,3
2503,14
2504,7
2505,19
2506,7
2507,4
2508,10
2509,3
2510,0
2511,5
2512,3
2513,4
2514,25
2515,1
2516,8
2517,1
2518,2
2519,11
2520,1
2521,7
2522,5
2523,5
2524,8
2525,5
2526,8
2527,13
2528,9
2529,0
2530,5
2531,5
2532,19
2533,4
2534,8
2535,16
2536,19
2537,0
2538,5
2539,7
2540,7
2541,7
2542,6
2543,4
2544,4
2545,3
2546,9
2547,15
2548,5
2549,8
2550,1
2551,12
2552,8
2553,7
2554,1
2555,5
2556,8
2557,8
2558,6
2559,16
2560,7
2561,0
2562,7
2563,7
2564,5
2565,13
2566,1
2567,1
2568,3
2569,5
2570,7
2571,10
2572,8
2573,13
2574,7
2575,13
2576,7
2577,5
2578,9
2579,0
2580,8
2581,13
2582,0
2583,9
2584,8
2585,25
2586,1
2587,8
2588,8
2589,19
2590,26
2591,11
2592,7
2593,7
2594,12
2595,3
2596,8
2597,8
2598,0
2599,13
2600,1
2601,9
2602,11
2603,1
2604,17
2605,7
2606,7
2607,6
2608,5
2609,19
2610,0
2611,11
2612,11
2613,7
2614,11
2615,4
2616,7
2617,5
2618,8
2619,12
2620,4
2621,16
2622,15
2623,11
2624,6
2625,12
2626,1
2627,16
2628,7
2629,8
2630,19
2631,7
2632,5
2633,8
2634,8
2635,4
2636,5
2637,19
2638,5
2639,2
2640,4
2641,12
2642,9
2643,11
2644,2
2645,3
2646,7
2647,19
2648,2
2649,12
2650,13
2651,8
2652,2
2653,5
2654,6
2655,11
2656,6
2657,12
2658,6
2659,5
2660,2
2661,8
2662,20
2663,6
2664,4
2665,3
2666,4
2667,7
2668,8
2669,8
2670,0
2671,6
2672,9
2673,16
2674,5
2675,1
2676,3
2677,19
2678,13
2679,1
2680,1
2681,8
2682,6
2683,2
2684,7
2685,8
2686,3
2687,8
2688,25
2689,8
2690,5
2691,6
2692,26
2693,0
2694,1
2695,7
2696,1
2697,5
2698,7
2699,2
2700,14
2701,13
2702,8
2703,1
2704,7
2705,7
2706,1
2707,0
2708,11
2709,7
2710,11
2711,6
2712,3
2713,11
2714,8
2715,12
2716,0
2717,2
2718,5
2719,7
2720,8
2721,19
2722,12
2723,1
2724,0
2725,5
2726,7
2727,8
2728,1
2729,5
2730,8
2731,7
2732,6
2733,6
2734,16
2735,12
2736,19
2737,15
2738,9
2739,8
2740,1
2741,6
2742,25
2743,2
2744,8
2745,12
2746,1
2747,0
2748,7
2749,7
2750,2
2751,0
2752,7
2753,19
2754,4
2755,0
2756,8
2757,6
2758,1
2759,8
2760,8
2761,1
2762,13
2763,5
2764,1
2765,7
2766,5
2767,6
2768,0
2769,8
2770,7
2771,6
2772,6
2773,19
2774,7
2775,12
2776,8
2777,1
2778,7
2779,25
2780,14
2781,8
2782,12
2783,5
2784,11
2785,6
2786,8
2787,6
2788,8
2789,7
2790,9
2791,9
2792,11
2793,7
2794,6
2795,15
2796,11
2797,4
2798,5
2799,3
2800,11
2801,12
2802,1
2803,16
2804,13
2805,7
2806,9
2807,5
2808,1
2809,1
2810,9
2811,1
2812,10
2813,12
2814,9
2815,16
2816,3
2817,5
2818,6
2819,7
2820,4
2821,1
2822,19
2823,0
2824,10
2825,7
2826,8
2827,13
2828,13
2829,1
2830,8
2831,8
2832,3
2833,11
2834,15
2835,7
2836,19
2837,0
2838,11
2839,2
2840,25
2841,7
2842,1
2843,8
2844,3
2845,6
2846,11
2847,3
2848,3
2849,9
2850,1
2851,7
2852,4
2853,12
2854,11
2855,12
2856,7
2857,5
2858,8
2859,9
2860,1
2861,0
2862,11
2863,1
2864,14
2865,12
2866,8
2867,19
2868,9
2869,25
2870,23
2871,11
2872,1
2873,2
2874,1
2875,19
2876,4
2877,9
2878,1
2879,0
2880,4
2881,8
2882,1
2883,7
2884,7
2885,8
2886,12
2887,3
2888,7
2889,9
2890,15
2891,4
2892,6
2893,11
2894,5
2895,4
2896,5
2897,4
2898,4
2899,12
2900,5
2901,12
2902,1
2903,1
2904,4
2905,4
2906,8
2907,5
2908,7
2909,4
2910,10
2911,4
2912,2
2913,7
2914,7
2915,7
2916,25
2917,11
2918,8
2919,1
2920,9
2921,0
2922,3
2923,25
2924,7
2925,8
2926,15
2927,13
2928,0
2929,11
2930,7
2931,7
2932,6
2933,8
2934,7
2935,11
2936,15
2937,26
2938,1
2939,7
2940,11
2941,26
2942,5
2943,6
2944,1
2945,7
2946,8
2947,7
2948,1
2949,7
2950,7
2951,1
2952,8
2953,25
2954,11
2955,12
2956,9
2957,11
2958,7
2959,6
2960,12
2961,1
2962,6
2963,1
2964,12
2965,11
2966,1
2967,12
2968,26
2969,5
2970,5
2971,9
2972,8
2973,8
2974,1
2975,12
2976,14
2977,9
2978,7
2979,12
2980,26
2981,6
2982,1
2983,19
2984,11
2985,11
2986,1
2987,0
2988,9
2989,11
2990,15
2991,7
2992,3
2993,7
2994,1
2995,2
2996,7
2997,6
2998,10
2999,11
3000,19
3001,11
3002,5
3003,8
3004,11
3005,0
3006,0
3007,2
3008,8
3009,19
3010,11
3011,7
3012,0
3013,4
3014,0
3015,11
3016,7
3017,5
3018,4
3019,28
3020,1
3021,9
3022,11
3023,2
3024,17
3025,25
3026,1
3027,19
3028,2
3029,5
3030,9
3031,8
3032,8
3033,18
3034,6
3035,4
3036,14
3037,19
3038,8
3039,15
3040,4
3041,0
3042,7
3043,11
3044,8
3045,1
3046,23
3047,5
3048,14
3049,1
3050,11
3051,4
3052,25
3053,0
3054,11
3055,4
3056,12
3057,7
3058,8
3059,1
3060,25
3061,3
3062,5
3063,1
3064,5
3065,11
3066,9
3067,1
3068,8
3069,8
3070,7
3071,3
3072,4
3073,18
3074,14
3075,1
3076,8
3077,0
3078,8
3079,2
3080,7
3081,25
3082,19
3083,1
3084,12
3085,4
3086,2
3087,3
3088,6
3089,7
3090,0
3091,11
3092,7
3093,11
3094,8
3095,9
3096,4
3097,7
3098,11
3099,8
3100,25
3101,7
3102,8
3103,8
3104,8
3105,7
3106,7
3107,4
3108,11
3109,21
3110,7
3111,5
3112,6
3113,3
3114,0
3115,7
3116,16
3117,8
3118,5
3119,16
3120,7
3121,1
3122,7
3123,13
3124,4
3125,0
3126,7
3127,7
3128,2
3129,5
3130,3
3131,4
3132,7
3133,12
3134,7
3135,7
3136,5
3137,0
3138,23
3139,2
3140,13
3141,1
3142,8
3143,1
3144,1
3145,8
3146,0
3147,5
3148,7
3149,13
3150,13
3151,12
3152,25
3153,0
3154,13
3155,7
3156,12
3157,7
3158,7
3159,1
3160,1
3161,7
3162,9
3163,0
3164,1
3165,7
3166,1
3167,1
3168,8
3169,9
3170,3
3171,6
3172,16
3173,9
3174,14
3175,15
3176,7
3177,9
3178,7
3179,8
3180,10
3181,5
3182,11
3183,4
3184,0
3185,3
3186,13
3187,7
3188,8
3189,7
3190,1
3191,11
3192,7
3193,20
3194,19
3195,7
3196,0
3197,9
3198,6
3199,4
3200,1
3201,5
3202,7
3203,0
3204,3
3205,1
3206,4
3207,12
3208,13
3209,5
3210,2
3211,15
3212,7
3213,7
3214,4
3215,12
3216,7
3217,8
3218,8
3219,1
3220,1
3221,5
3222,15
3223,0
3224,7
3225,8
3226,13
3227,7
3228,8
3229,7
3230,8
3231,7
3232,2
3233,7
3234,6
3235,1
3236,13
3237,8
3238,23
3239,0
3240,9
3241,8
3242,11
3243,7
3244,7
3245,7
3246,21
3247,8
3248,12
3249,3
3250,7
3251,1
3252,3
3253,1
3254,8
3255,9
3256,8
3257,11
3258,3
3259,9
3260,2
3261,1
3262,1
3263,8
3264,9
3265,8
3266,1
3267,5
3268,8
3269,16
3270,11
3271,7
3272,7
3273,1
3274,12
3275,11
3276,15
3277,19
3278,16
3279,6
3280,5
3281,4
3282,5
3283,11
3284,5
3285,13
3286,9
3287,14
3288,1
3289,10
3290,14
3291,0
3292,11
3293,12
3294,7
3295,7
3296,4
3297,8
3298,14
3299,8
3300,16
3301,2
3302,8
3303,7
3304,8
3305,12
3306,12
3307,7
3308,5
3309,15
3310,1
3311,14
3312,0
3313,8
3314,9
3315,6
3316,10
3317,1
3318,2
3319,3
3320,0
3321,7
3322,11
3323,7
3324,4
3325,1
3326,2
3327,1
3328,2
3329,22
3330,12
3331,1
3332,7
3333,8
3334,8
3335,0
3336,11
3337,19
3338,6
3339,8
3340,2
3341,8
3342,5
3343,5
3344,7
3345,7
3346,11
3347,8
3348,25
3349,23
3350,7
3351,8
3352,7
3353,6
3354,11
3355,0
3356,6
3357,14
3358,7
3359,9
3360,5
3361,2
3362,12
3363,3
3364,7
3365,5
3366,12
3367,8
3368,7
3369,4
3370,1
3371,8
3372,3
3373,11
3374,19
3375,11
3376,4
3377,10
3378,7
3379,26
3380,23
3381,6
3382,8
3383,1
3384,0
3385,6
3386,8
3387,8
3388,5
3389,6
3390,11
3391,7
3392,9
3393,7
3394,6
3395,2
3396,1
3397,9
3398,8
3399,5
3400,8
3401,9
3402,9
3403,3
3404,7
3405,1
3406,12
3407,1
3408,3
3409,7
3410,4
3411,0
3412,4
3413,13
3414,26
3415,7
3416,6
3417,12
3418,8
3419,5
3420,1
3421,26
3422,13
3423,1
3424,13
3425,8
3426,1
3427,1
3428,2
3429,8
3430,9
3431,0
3432,8
3433,6
3434,3
3435,6
3436,0
3437,2
3438,12
3439,1
3440,17
3441,0
3442,7
3443,9
3444,8
3445,7
3446,7
3447,11
3448,26
3449,11
3450,5
3451,5
3452,1
3453,8
3454,12
3455,11
3456,0
3457,1
3458,5
3459,6
3460,9
3461,10
3462,6
3463,1
3464,12
3465,16
3466,2
3467,3
3468,8
3469,6
3470,7
3471,8
3472,7
3473,25
3474,8
3475,2
3476,1
3477,0
3478,8
3479,7
3480,8
3481,8
3482,11
3483,1
3484,6
3485,7
3486,8
3487,12
3488,13
3489,5
3490,1
3491,7
3492,0
3493,25
3494,7
3495,7
3496,1
3497,7
3498,1
3499,1
3500,7
3501,7
3502,15
3503,8
3504,5
3505,14
3506,0
3507,7
3508,11
3509,1
3510,7
3511,2
3512,8
3513,25
3514,5
3515,11
3516,11
3517,5
3518,2
3519,12
3520,10
3521,19
3522,6
3523,5
3524,0
3525,25
3526,12
3527,5
3528,1
3529,19
3530,8
3531,2
3532,6
3533,12
3534,5
3535,5
3536,9
3537,1
3538,7
3539,6
3540,3
3541,8
3542,13
3543,6
3544,8
3545,7
3546,11
3547,8
3548,19
3549,7
3550,3
3551,20
3552,8
3553,6
3554,11
3555,5
3556,6
3557,5
3558,11
3559,7
3560,11
3561,9
3562,19
3563,7
3564,19
3565,19
3566,2
3567,6
3568,4
3569,7
3570,1
3571,7
3572,9
3573,1
3574,1
3575,8
3576,3
3577,1
3578,1
3579,16
3580,12
3581,4
3582,5
3583,26
3584,13
3585,6
3586,7
3587,8
3588,7
3589,15
3590,7
3591,19
3592,6
3593,11
3594,8
3595,3
3596,5
3597,4
3598,5
3599,7
3600,13
3601,8
3602,7
3603,3
3604,8
3605,4
3606,8
3607,1
3608,5
3609,2
3610,1
3611,8
3612,4
3613,7
3614,8
3615,6
3616,2
3617,12
3618,6
3619,7
3620,7
3621,8
3622,0
3623,7
3624,7
3625,11
3626,1
3627,7
3628,8
3629,0
3630,12
3631,5
3632,7
3633,5
3634,1
3635,11
3636,7
3637,15
3638,2
3639,15
3640,4
3641,1
3642,13
3643,12
3644,0
3645,26
3646,3
3647,7
3648,4
3649,10
3650,9
3651,12
3652,2
3653,16
3654,7
3655,8
3656,5
3657,2
3658,6
3659,5
3660,12
3661,1
3662,5
3663,11
3664,11
3665,8
3666,12
3667,8
3668,8
3669,5
3670,7
3671,7
3672,1
3673,1
3674,8
3675,11
3676,6
3677,6
3678,21
3679,11
3680,15
3681,8
3682,6
3683,3
3684,3
3685,1
3686,13
3687,8
3688,8
3689,7
3690,7
3691,4
3692,6
3693,5
3694,19
3695,1
3696,8
3697,11
3698,6
3699,8
3700,0
3701,8
3702,7
3703,8
3704,7
3705,1
3706,19
3707,3
3708,7
3709,11
3710,7
3711,5
3712,1
3713,11
3714,1
3715,1
3716,4
3717,7
3718,1
3719,25
3720,7
3721,12
3722,2
3723,11
3724,4
3725,2
3726,12
3727,8
3728,11
3729,8
3730,8
3731,7
3732,9
3733,8
3734,1
3735,6
3736,5
3737,3
3738,6
3739,8
3740,11
3741,7
3742,0
3743,7
3744,0
3745,5
3746,1
3747,1
3748,0
3749,8
3750,8
3751,0
3752,8
3753,11
3754,1
3755,2
3756,14
3757,2
3758,12
3759,6
3760,19
3761,0
3762,12
3763,19
3764,13
3765,7
3766,7
3767,9
3768,3
3769,15
3770,4
3771,4
3772,3
3773,26
3774,12
3775,13
3776,19
3777,6
3778,8
3779,6
3780,8
3781,25
3782,7
3783,8
3784,1
3785,1
3786,1
3787,16
3788,11
3789,5
3790,13
3791,11
3792,1
3793,5
3794,7
3795,12
3796,19
3797,6
3798,4
3799,16
3800,19
3801,8
3802,11
3803,3
3804,5
3805,7
3806,20
3807,10
3808,1
3809,2
3810,6
3811,1
3812,7
3813,7
3814,6
3815,8
3816,7
3817,11
3818,19
3819,13
3820,0
3821,13
3822,1
3823,7
3824,16
3825,2
3826,8
3827,19
3828,1
3829,9
3830,7
3831,3
3832,6
3833,13
3834,0
3835,1
3836,1
3837,8
3838,7
3839,11
3840,8
3841,0
3842,8
3843,2
3844,19
3845,7
3846,8
3847,19
3848,8
3849,15
3850,3
3851,2
3852,2
3853,19
3854,9
3855,5
3856,12
3857,12
3858,6
3859,9
3860,8
3861,14
3862,3
3863,8
3864,2
3865,2
3866,5
3867,1
3868,8
3869,7
3870,7
3871,9
3872,7
3873,12
3874,1
3875,7
3876,3
3877,10
3878,0
3879,11
3880,15
3881,0
3882,8
3883,8
3884,7
3885,0
3886,12
3887,3
3888,5
3889,1
3890,9
3891,14
3892,6
3893,6
3894,8
3895,2
3896,11
3897,11
3898,10
3899,5
3900,13
3901,3
3902,19
3903,8
3904,9
3905,6
3906,8
3907,7
3908,12
3909,19
3910,3
3911,3
3912,4
3913,6
3914,15
3915,4
3916,7
3917,9
3918,5
3919,12
3920,12
3921,1
3922,7
3923,15
3924,10
3925,8
3926,5
3927,12
3928,7
3929,6
3930,5
3931,8
3932,9
3933,6
3934,8
3935,12
3936,12
3937,1
3938,7
3939,1
3940,0
3941,7
3942,7
3943,2
3944,8
3945,3
3946,2
3947,0
3948,13
3949,1
3950,1
3951,1
3952,4
3953,8
3954,25
3955,3
3956,11
3957,7
3958,12
3959,1
3960,8
3961,15
3962,3
3963,14
3964,2
3965,5
3966,6
3967,9
3968,1
3969,8
3970,11
3971,12
3972,11
3973,8
3974,7
3975,9
3976,1
3977,19
3978,1
3979,8
3980,7
3981,5
3982,3
3983,1
3984,1
3985,9
3986,3
3987,12
3988,2
3989,3
3990,0
3991,8
3992,11
3993,12
3994,12
3995,1
3996,6
3997,6
3998,7
3999,4
4000,8
4001,11
4002,12
4003,7
4004,7
4005,7
4006,10
4007,6
4008,2
4009,11
4010,8
4011,7
4012,0
4013,4
4014,12
4015,5
4016,7
4017,1
4018,1
4019,8
4020,0
4021,8
4022,0
4023,7
4024,8
4025,8
4026,5
4027,11
4028,16
4029,2
4030,2
4031,8
4032,7
4033,7
4034,9
4035,1
4036,1
4037,10
4038,1
4039,8
4040,11
4041,4
4042,0
4043,7
4044,13
4045,11
4046,5
4047,5
4048,13
4049,16
4050,1
4051,8
4052,1
4053,8
4054,9
4055,3
4056,8
4057,4
4058,15
4059,4
4060,8
4061,25
4062,5
4063,8
4064,12
4065,6
4066,0
4067,7
4068,2
4069,11
4070,25
4071,6
4072,5
4073,7
4074,7
4075,1
4076,2
4077,3
4078,5
4079,3
4080,6
4081,2
4082,12
4083,7
4084,4
4085,7
4086,9
4087,1
4088,8
4089,4
4090,8
4091,8
4092,0
4093,14
4094,9
4095,8
4096,3
4097,9
4098,7
4099,8
4100,3
4101,12
4102,25
4103,1
4104,2
4105,9
4106,15
4107,7
4108,8
4109,3
4110,11
4111,16
4112,12
4113,9
4114,13
4115,8
4116,11
4117,11
4118,7
4119,12
4120,11
4121,11
4122,0
4123,5
4124,7
4125,19
4126,8
4127,5
4128,26
4129,11
4130,9
4131,0
4132,8
4133,8
4134,7
4135,12
4136,7
4137,2
4138,12
4139,1
4140,2
4141,8
4142,8
4143,9
4144,11
4145,1
4146,9
4147,1
4148,8
4149,3
4150,2
4151,14
4152,8
4153,6
4154,11
4155,13
4156,2
4157,7
4158,8
4159,0
4160,11
4161,7
4162,7
4163,6
4164,12
4165,5
4166,5
4167,10
4168,7
4169,1
4170,11
4171,6
4172,9
4173,12
4174,9
4175,6
4176,0
4177,2
4178,7
4179,14
4180,11
4181,11
4182,1
4183,1
4184,13
4185,19
4186,6
4187,1
4188,7
4189,14
4190,11
4191,7
4192,7
4193,11
4194,8
4195,13
4196,7
4197,5
4198,12
4199,11
4200,3
4201,5
4202,7
4203,0
4204,7
4205,26
4206,15
4207,1
4208,5
4209,2
4210,7
4211,4
4212,7
4213,5
4214,3
4215,11
4216,5
4217,0
4218,1
4219,11
4220,7
4221,2
4222,11
4223,6
4224,7
4225,6
4226,2
4227,11
4228,9
4229,7
4230,1
4231,12
4232,3
4233,0
4234,13
4235,8
4236,0
4237,3
4238,9
4239,4
4240,1
4241,0
4242,0
4243,7
4244,14
4245,8
4246,1
4247,7
4248,4
4249,11
4250,1
4251,3
4252,5
4253,7
4254,12
4255,11
4256,12
4257,11
4258,2
4259,8
4260,7
4261,9
4262,8
4263,7
4264,1
4265,6
4266,16
4267,15
4268,13
4269,11
4270,4
4271,11
4272,5
4273,13
4274,7
4275,15
4276,16
4277,13
4278,8
4279,7
4280,5
4281,5
4282,7
4283,1
4284,11
4285,19
4286,21
4287,16
4288,0
4289,7
4290,7
4291,8
4292,6
4293,5
4294,14
4295,12
4296,8
4297,8
4298,13
4299,12
4300,4
4301,10
4302,6
4303,15
4304,3
4305,11
4306,12
4307,13
4308,4
4309,7
4310,7
4311,8
4312,1
4313,3
4314,14
4315,12
4316,8
4317,8
4318,2
4319,5
4320,3
4321,1
4322,7
4323,4
4324,8
4325,8
4326,6
4327,6
4328,7
4329,9
4330,11
4331,5
4332,3
4333,25
4334,14
4335,25
4336,20
4337,1
4338,2
4339,6
4340,16
4341,8
4342,8
4343,11
4344,2
4345,1
4346,23
4347,7
4348,1
4349,2
4350,7
4351,4
4352,1
4353,15
4354,13
4355,7
4356,7
4357,8
4358,1
4359,2
4360,7
4361,8
4362,1
4363,5
4364,10
4365,7
4366,1
4367,6
4368,6
4369,1
4370,7
4371,12
4372,1
4373,7
4374,7
4375,8
4376,1
4377,2
4378,7
4379,4
4380,5
4381,7
4382,1
4383,8
4384,6
4385,7
4386,6
4387,1
4388,7
4389,6
4390,5
4391,7
4392,15
4393,8
4394,2
4395,0
4396,0
4397,25
4398,11
4399,5
4400,8
4401,1
4402,19
4403,8
4404,7
4405,10
4406,1
4407,8
4408,9
4409,8
4410,1
4411,26
4412,8
4413,7
4414,1
4415,0
4416,0
4417,5
4418,8
4419,2
4420,23
4421,1
4422,9
4423,4
4424,8
4425,8
4426,7
4427,19
4428,8
4429,6
4430,1
4431,1
4432,9
4433,11
4434,13
4435,11
4436,16
4437,9
4438,9
4439,1
4440,7
4441,5
4442,3
4443,9
4444,1
4445,7
4446,9
4447,3
4448,9
4449,19
4450,6
4451,26
4452,7
4453,0
4454,7
4455,4
4456,7
4457,19
4458,12
4459,8
4460,7
4461,2
4462,8
4463,8
4464,5
4465,7
4466,3
4467,9
4468,0
4469,4
4470,7
4471,26
4472,12
4473,1
4474,11
4475,15
4476,1
4477,12
4478,1
4479,0
4480,12
4481,7
4482,8
4483,7
4484,12
4485,13
4486,0
4487,5
4488,0
4489,5
4490,10
4491,7
4492,1
4493,3
4494,9
4495,5
4496,11
4497,8
4498,4
4499,11
4500,0
4501,5
4502,26
4503,11
4504,7
4505,26
4506,7
4507,12
4508,2
4509,17
4510,8
4511,7
4512,6
4513,1
4514,1
4515,5
4516,2
4517,11
4518,19
4519,11
4520,11
4521,19
4522,8
4523,1
4524,12
4525,3
4526,7
4527,11
4528,6
4529,19
4530,4
4531,8
4532,3
4533,5
4534,1
4535,7
4536,8
4537,13
4538,8
4539,9
4540,4
4541,11
4542,4
4543,2
4544,13
4545,7
4546,7
4547,15
4548,7
4549,0
4550,0
4551,13
4552,1
4553,0
4554,3
4555,15
4556,0
4557,8
4558,7
4559,12
4560,19
4561,3
4562,12
4563,8
4564,0
4565,12
4566,13
4567,7
4568,5
4569,7
4570,6
4571,12
4572,19
4573,18
4574,1
4575,3
4576,4
4577,19
4578,1
4579,3
4580,1
4581,1
4582,0
4583,6
4584,1
4585,1
4586,0
4587,7
4588,8
4589,3
4590,6
4591,1
4592,9
4593,15
4594,6
4595,3
4596,2
4597,15
4598,7
4599,5
4600,0
4601,8
4602,0
4603,9
4604,7
4605,1
4606,8
4607,7
4608,1
4609,13
4610,3
4611,11
4612,25
4613,7
4614,2
4615,11
4616,5
4617,0
4618,1
4619,8
4620,6
4621,12
4622,6
4623,5
4624,5
4625,3
4626,8
4627,19
4628,7
4629,12
4630,3
4631,8
4632,14
4633,4
4634,4
4635,8
4636,5
4637,7
4638,7
4639,0
4640,25
4641,12
4642,7
4643,8
4644,0
4645,8
4646,13
4647,6
4648,0
4649,0
4650,8
4651,11
4652,7
4653,8
4654,6
4655,5
4656,15
4657,23
4658,6
4659,3
4660,1
4661,3
4662,19
4663,7
4664,15
4665,1
4666,7
4667,7
4668,7
4669,7
4670,13
4671,13
4672,7
4673,15
4674,8
4675,25
4676,11
4677,15
4678,8
4679,9
4680,11
4681,2
4682,3
4683,4
4684,0
4685,8
4686,5
4687,5
4688,6
4689,14
4690,1
4691,7
4692,1
4693,1
4694,10
4695,4
4696,5
4697,17
4698,6
4699,3
4700,4
4701,14
4702,1
4703,7
4704,4
4705,2
4706,7
4707,8
4708,2
4709,5
4710,2
4711,4
4712,7
4713,7
4714,1
4715,3
4716,0
4717,11
4718,19
4719,10
4720,9
4721,1
4722,10
4723,25
4724,0
4725,8
4726,0
4727,9
4728,1
4729,3
4730,15
4731,25
4732,5
4733,1
4734,7
4735,5
4736,8
4737,3
4738,7
4739,5
4740,2
4741,0
4742,3
4743,12
4744,8
4745,19
4746,2
4747,11
4748,7
4749,8
4750,23
4751,19
4752,13
4753,12
4754,6
4755,1
4756,0
4757,13
4758,12
4759,1
4760,1
4761,7
4762,0
4763,5
4764,12
4765,0
4766,2
4767,2
4768,12
4769,7
4770,8
4771,15
4772,2
4773,2
4774,3
4775,3
4776,2
4777,8
4778,8
4779,11
4780,8
4781,26
4782,2
4783,12
4784,4
4785,8
4786,1
4787,2
4788,7
4789,7
4790,3
4791,8
4792,8
4793,9
4794,9
4795,0
4796,2
4797,2
4798,7
4799,7
4800,5
4801,4
4802,25
4803,8
4804,7
4805,11
4806,5
4807,15
4808,1
4809,9
4810,0
4811,4
4812,1
4813,8
4814,8
4815,11
4816,19
4817,25
4818,0
4819,1
4820,11
4821,1
4822,8
4823,1
4824,5
4825,7
4826,12
4827,7
4828,5
4829,7
4830,3
4831,11
4832,0
4833,6
4834,11
4835,7
4836,1
4837,0
4838,8
4839,6
4840,0
4841,8
4842,11
4843,8
4844,0
4845,19
4846,0
4847,11
4848,5
4849,2
4850,13
4851,0
4852,3
4853,13
4854,1
4855,9
4856,8
4857,7
4858,8
4859,10
4860,3
4861,11
4862,12
4863,8
4864,3
4865,5
4866,4
4867,1
4868,8
4869,8
4870,1
4871,7
4872,4
4873,19
4874,2
4875,8
4876,19
4877,19
4878,7
4879,1
4880,1
4881,8
4882,8
4883,7
4884,0
4885,11
4886,7
4887,7
4888,13
4889,2
4890,4
4891,3
4892,8
4893,8
4894,19
4895,1
4896,6
4897,7
4898,11
4899,12
4900,0
4901,12
4902,8
4903,8
4904,11
4905,1
4906,3
4907,9
4908,19
4909,11
4910,11
4911,7
4912,2
4913,2
4914,2
4915,8
4916,16
4917,23
4918,7
4919,1
4920,8
4921,11
4922,11
4923,4
4924,0
4925,11
4926,0
4927,7
4928,19
4929,15
4930,3
4931,5
4932,5
4933,1
4934,7
4935,11
4936,8
4937,12
4938,2
4939,1
4940,0
4941,4
4942,8
4943,5
4944,11
4945,6
4946,0
4947,0
4948,9
4949,8
4950,1
4951,12
4952,7
4953,11
4954,5
4955,16
4956,6
4957,8
4958,0
4959,8
4960,9
4961,5
4962,7
4963,7
4964,4
4965,8
4966,1
4967,13
4968,8
4969,1
4970,8
4971,1
4972,12
4973,1
4974,18
4975,3
4976,6
4977,15
4978,19
4979,12
4980,4
4981,1
4982,15
4983,19
4984,4
4985,12
4986,6
4987,1
4988,8
4989,7
4990,5
4991,18
4992,9
4993,8
4994,12
4995,7
4996,8
4997,12
4998,11
4999,7
5000,1
5001,8
5002,9
5003,3
5004,3
5005,13
5006,3
5007,0
5008,1
5009,9
5010,5
5011,0
5012,0
5013,3
5014,12
5015,19
5016,9
5017,19
5018,3
5019,0
5020,11
5021,3
5022,8
5023,16
5024,5
5025,1
5026,5
5027,8
5028,11
5029,5
5030,1
5031,8
5032,5
5033,3
5034,12
5035,8
5036,2
5037,0
5038,2
5039,11
5040,8
5041,13
5042,13
5043,7
5044,6
5045,4
5046,7
5047,1
5048,19
5049,7
5050,1
5051,11
5052,7
5053,16
5054,8
5055,3
5056,12
5057,7
5058,7
5059,6
5060,23
5061,0
5062,8
5063,5
5064,7
5065,1
5066,11
5067,7
5068,1
5069,5
5070,8
5071,5
5072,1
5073,25
5074,7
5075,1
5076,5
5077,11
5078,7
5079,8
5080,12
5081,5
5082,7
5083,25
5084,8
5085,7
5086,7
5087,1
5088,7
5089,8
5090,2
5091,1
5092,2
5093,5
5094,8
5095,4
5096,1
5097,9
5098,11
5099,5
5100,3
5101,7
5102,9
5103,5
5104,7
5105,7
5106,19
5107,12
5108,15
5109,19
5110,17
5111,1
5112,9
5113,12
5114,0
5115,1
5116,11
5117,8
5118,5
5119,4
5120,8
5121,2
5122,1
5123,8
5124,7
5125,8
5126,7
5127,9
5128,3
5129,5
5130,18
5131,6
5132,3
5133,1
5134,2
5135,3
5136,5
5137,5
5138,12
5139,5
5140,1
5141,1
5142,5
5143,7
5144,1
5145,8
5146,19
5147,0
5148,7
5149,1
5150,11
5151,1
5152,0
5153,7
5154,3
5155,8
5156,19
5157,4
5158,3
5159,11
5160,19
5161,12
5162,2
5163,7
5164,0
5165,8
5166,12
5167,5
5168,1
5169,1
5170,1
5171,13
5172,0
5173,0
5174,16
5175,5
5176,6
5177,13
5178,7
5179,8
5180,12
5181,13
5182,6
5183,8
5184,1
5185,0
5186,7
5187,5
5188,8
5189,7
5190,1
5191,5
5192,8
5193,12
5194,0
5195,3
5196,8
5197,0
5198,7
5199,1
5200,7
5201,20
5202,8
5203,0
5204,8
5205,15
5206,8
5207,12
5208,0
5209,7
5210,3
5211,7
5212,4
5213,2
5214,5
5215,7
5216,19
5217,6
5218,0
5219,7
5220,7
5221,6
5222,11
5223,2
5224,1
5225,8
5226,3
5227,1
5228,5
5229,12
5230,7
5231,7
5232,7
5233,10
5234,7
5235,8
5236,8
5237,5
5238,2
5239,23
5240,12
5241,0
5242,5
5243,2
5244,8
5245,16
5246,5
5247,0
5248,25
5249,13
5250,8
5251,6
5252,13
5253,6
5254,26
5255,5
5256,13
5257,2
5258,8
5259,11
5260,8
5261,14
5262,8
5263,6
5264,8
5265,6
5266,2
5267,12
5268,12
5269,8
5270,1
5271,6
5272,7
5273,1
5274,7
5275,16
5276,19
5277,5
5278,12
5279,7
5280,1
5281,1
5282,0
5283,19
5284,8
5285,8
5286,4
5287,8
5288,3
5289,19
5290,8
5291,12
5292,2
5293,7
5294,8
5295,1
5296,22
5297,11
5298,2
5299,3
5300,4
5301,2
5302,1
5303,5
5304,8
5305,7
5306,9
5307,3
5308,7
5309,11
5310,7
5311,1
5312,1
5313,3
5314,0
5315,8
5316,12
5317,8
5318,0
5319,8
5320,25
5321,8
5322,2
5323,1
5324,6
5325,7
5326,12
5327,19
5328,15
5329,5
5330,5
5331,8
5332,0
5333,8
5334,1
5335,7
5336,7
5337,7
5338,6
5339,11
5340,7
5341,20
5342,12
5343,19
5344,8
5345,3
5346,1
5347,0
5348,1
5349,8
5350,2
5351,7
5352,7
5353,2
5354,7
5355,4
5356,2
5357,17
5358,0
5359,7
5360,23
5361,6
5362,19
5363,25
5364,7
5365,6
5366,13
5367,5
5368,9
5369,10
5370,11
5371,15
5372,7
5373,19
5374,1
5375,7
5376,1
5377,1
5378,7
5379,1
5380,7
5381,13
5382,8
5383,0
5384,3
5385,0
5386,6
5387,3
5388,6
5389,8
5390,0
5391,0
5392,2
5393,12
5394,7
5395,8
5396,1
5397,9
5398,12
5399,10
5400,3
5401,12
5402,6
5403,10
5404,3
5405,7
5406,19
5407,15
5408,3
5409,13
5410,25
5411,7
5412,9
5413,7
5414,1
5415,7
5416,19
5417,13
5418,7
5419,7
5420,11
5421,2
5422,8
5423,6
5424,7
5425,12
5426,5
5427,16
5428,4
5429,7
5430,11
5431,5
5432,11
5433,1
5434,0
5435,8
5436,1
5437,15
5438,8
5439,1
5440,8
5441,7
5442,8
5443,0
5444,11
5445,11
5446,7
5447,17
5448,11
5449,9
5450,7
5451,3
5452,7
5453,12
5454,8
5455,7
5456,6
5457,1
5458,5
5459,7
5460,11
5461,5
5462,3
5463,7
5464,1
5465,1
5466,19
5467,5
5468,28
5469,13
5470,7
5471,1
5472,11
5473,9
5474,11
5475,1
5476,12
5477,7
5478,8
5479,2
5480,14
5481,11
5482,1
5483,0
5484,11
5485,18
5486,14
5487,0
5488,1
5489,1
5490,15
5491,1
5492,4
5493,9
5494,1
5495,7
5496,6
5497,12
5498,16
5499,14
5500,7
5501,0
5502,11
5503,9
5504,1
5505,15
5506,0
5507,6
5508,7
5509,18
5510,9
5511,3
5512,8
5513,6
5514,4
5515,12
5516,12
5517,6
5518,6
5519,28
5520,23
5521,3
5522,16
5523,5
5524,3
5525,1
5526,2
5527,7
5528,7
5529,4
5530,11
5531,0
5532,7
5533,3
5534,4
5535,1
5536,16
5537,10
5538,6
5539,19
5540,0
5541,11
5542,2
5543,19
5544,5
5545,6
5546,25
5547,6
5548,3
5549,8
5550,1
5551,1
5552,15
5553,7
5554,7
5555,13
5556,5
5557,10
5558,1
5559,9
5560,8
5561,12
5562,7
5563,9
5564,6
5565,23
5566,1
5567,1
5568,11
5569,12
5570,11
5571,1
5572,12
5573,15
5574,12
5575,25
5576,5
5577,1
5578,6
5579,16
5580,7
5581,9
5582,12
5583,3
5584,9
5585,1
5586,11
5587,12
5588,12
5589,8
5590,1
5591,5
5592,9
5593,8
5594,7
5595,1
5596,19
5597,8
5598,7
5599,1
5600,1
5601,8
5602,5
5603,11
5604,4
5605,7
5606,1
5607,8
5608,12
5609,8
5610,5
5611,5
5612,7
5613,5
5614,8
5615,7
5616,4
5617,4
5618,0
5619,7
5620,19
5621,2
5622,4
5623,3
5624,6
5625,7
5626,4
5627,16
5628,8
5629,16
5630,14
5631,1
5632,1
5633,3
5634,11
5635,26
5636,2
5637,7
5638,7
5639,7
5640,7
5641,8
5642,1
5643,6
5644,9
5645,12
5646,7
5647,5
5648,5
5649,16
5650,12
5651,0
5652,2
5653,0
5654,5
5655,7
5656,1
5657,4
5658,19
5659,13
5660,1
5661,11
5662,7
5663,8
5664,1
5665,11
5666,7
5667,9
5668,15
5669,10
5670,19
5671,2
5672,1
5673,1
5674,0
5675,0
5676,7
5677,16
5678,5
5679,8
5680,19
5681,5
5682,5
5683,5
5684,6
5685,3
5686,9
5687,10
5688,15
5689,15
5690,7
5691,3
5692,7
5693,8
5694,12
5695,25
5696,8
5697,1
5698,1
5699,19
5700,11
5701,26
5702,14
5703,5
5704,7
5705,4
5706,15
5707,7
5708,8
5709,25
5710,0
5711,7
5712,8
5713,12
5714,12
5715,9
5716,8
5717,17
5718,5
5719,3
5720,2
5721,11
5722,7
5723,7
5724,0
5725,8
5726,25
5727,1
5728,10
5729,12
5730,2
5731,19
5732,3
5733,8
5734,6
5735,4
5736,0
5737,11
5738,12
5739,1
5740,8
5741,12
5742,9
5743,12
5744,7
5745,8
5746,2
5747,7
5748,13
5749,8
5750,5
5751,7
5752,1
5753,7
5754,19
5755,1
5756,7
5757,9
5758,8
5759,5
5760,8
5761,3
5762,12
5763,19
5764,1
5765,13
5766,1
5767,19
5768,7
5769,6
5770,15
5771,8
5772,5
5773,19
5774,8
5775,7
5776,13
5777,8
5778,25
5779,19
5780,3
5781,7
5782,7
5783,25
5784,1
5785,5
5786,5
5787,8
5788,7
5789,4
5790,13
5791,0
5792,19
5793,7
5794,4
5795,3
5796,1
5797,11
5798,7
5799,8
5800,1
5801,8
5802,8
5803,26
5804,11
5805,7
5806,7
5807,5
5808,1
5809,11
5810,1
5811,19
5812,7
5813,7
5814,8
5815,9
5816,5
5817,9
5818,0
5819,5
5820,5
5821,7
5822,7
5823,15
5824,1
5825,7
5826,1
5827,7
5828,5
5829,6
5830,18
5831,0
5832,12
5833,7
5834,19
5835,8
5836,1
5837,6
5838,9
5839,7
5840,12
5841,7
5842,3
5843,2
5844,15
5845,11
5846,11
5847,7
5848,7
5849,8
5850,8
5851,12
5852,12
5853,1
5854,7
5855,7
5856,7
5857,5
5858,20
5859,28
5860,1
5861,3
5862,12
5863,7
5864,6
5865,1
5866,4
5867,5
5868,19
5869,2
5870,7
5871,7
5872,0
5873,26
5874,8
5875,11
5876,2
5877,7
5878,14
5879,12
5880,4
5881,12
5882,11
5883,3
5884,7
5885,7
5886,15
5887,25
5888,4
5889,7
5890,0
5891,1
5892,19
5893,2
5894,9
5895,13
5896,0
5897,0
5898,11
5899,11
5900,7
5901,2
5902,1
5903,1
5904,7
5905,7
5906,6
5907,9
5908,19
5909,0
5910,8
5911,4
5912,8
5913,0
5914,7
5915,3
5916,3
5917,12
5918,1
5919,6
5920,8
5921,6
5922,1
5923,4
5924,7
5925,3
5926,5
5927,8
5928,7
5929,19
5930,0
5931,1
5932,7
5933,7
5934,15
5935,11
5936,9
5937,12
5938,2
5939,8
5940,1
5941,1
5942,6
5943,4
5944,8
5945,7
5946,8
5947,8
5948,8
5949,8
5950,15
5951,11
5952,9
5953,8
5954,13
5955,8
5956,1
5957,6
5958,11
5959,10
5960,9
5961,8
5962,12
5963,1
5964,6
5965,12
5966,7
5967,4
5968,12
5969,9
5970,1
5971,14
5972,3
5973,1
5974,12
5975,1
5976,8
5977,19
5978,1
5979,1
5980,1
5981,26
5982,0
5983,6
5984,14
5985,13
5986,7
5987,12
5988,8
5989,10
5990,3
5991,20
5992,11
5993,1
5994,0
5995,9
5996,4
5997,11
5998,1
5999,2
6000,19
6001,3
6002,11
6003,1
6004,12
6005,2
6006,8
6007,7
6008,12
6009,8
6010,9
6011,4
6012,8
6013,7
6014,5
6015,7
6016,15
6017,1
6018,2
6019,7
6020,11
6021,16
6022,19
6023,0
6024,7
6025,19
6026,5
6027,8
6028,11
6029,6
6030,9
6031,11
6032,9
6033,5
6034,8
6035,8
6036,0
6037,14
6038,12
6039,1
6040,1
6041,7
6042,7
6043,5
6044,13
6045,7
6046,7
6047,7
6048,6
6049,10
6050,8
6051,11
6052,2
6053,5
6054,7
6055,6
6056,2
6057,5
6058,8
6059,9
6060,5
6061,13
6062,12
6063,10
6064,6
6065,12
6066,5
6067,5
6068,3
6069,19
6070,19
6071,19
6072,13
6073,8
6074,15
6075,4
6076,5
6077,7
6078,8
6079,9
6080,8
6081,7
6082,5
6083,3
6084,1
6085,8
6086,5
6087,19
6088,1
6089,5
6090,5
6091,26
6092,7
6093,13
6094,7
6095,5
6096,8
6097,7
6098,0
6099,5
6100,5
6101,6
6102,7
6103,5
6104,26
6105,12
6106,1
6107,19
6108,5
6109,11
6110,25
6111,1
6112,7
6113,4
6114,7
6115,1
6116,11
6117,6
6118,11
6119,1
6120,8
6121,7
6122,18
6123,8
6124,8
6125,9
6126,10
6127,15
6128,1
6129,8
6130,6
6131,0
6132,4
6133,5
6134,7
6135,7
6136,5
6137,0
6138,25
6139,13
6140,25
6141,5
6142,7
6143,12
6144,3
6145,12
6146,7
6147,9
6148,15
6149,25
6150,9
6151,6
6152,1
6153,2
6154,5
6155,0
6156,6
6157,7
6158,11
6159,19
6160,7
6161,1
6162,25
6163,0
6164,4
6165,1
6166,14
6167,11
6168,0
6169,13
6170,8
6171,8
6172,8
6173,0
6174,7
6175,1
6176,15
6177,7
6178,8
6179,7
6180,7
6181,14
6182,25
6183,6
6184,1
6185,7
6186,19
6187,11
6188,1
6189,7
6190,11
6191,9
6192,2
6193,8
6194,11
6195,10
6196,12
6197,1
6198,3
6199,13
6200,5
6201,8
6202,19
6203,8
6204,9
6205,2
6206,8
6207,26
6208,0
6209,5
6210,7
6211,16
6212,8
6213,8
6214,8
6215,7
6216,3
6217,9
6218,9
6219,23
6220,1
6221,5
6222,2
6223,5
6224,1
6225,19
6226,1
6227,15
6228,5
6229,8
6230,5
6231,11
6232,3
6233,7
6234,12
6235,1
6236,11
6237,19
6238,3
6239,9
6240,11
6241,0
6242,8
6243,7
6244,9
6245,12
6246,7
6247,7
6248,7
6249,3
6250,2
6251,2
6252,2
6253,11
6254,9
6255,3
6256,0
6257,9
6258,13
6259,0
6260,4
6261,19
6262,1
6263,11
6264,16
6265,12
6266,11
6267,25
6268,1
6269,11
6270,3
6271,9
6272,9
6273,7
6274,2
6275,5
6276,3
6277,7
6278,0
6279,0
6280,9
6281,5
6282,1
6283,3
6284,26
6285,5
6286,8
6287,12
6288,7
6289,8
6290,8
6291,26
6292,15
6293,12
6294,12
6295,7
6296,2
6297,9
6298,9
6299,7
6300,5
6301,12
6302,7
6303,7
6304,13
6305,5
6306,13
6307,6
6308,23
6309,15
6310,0
6311,5
6312,5
6313,8
6314,9
6315,25
6316,3
6317,5
6318,20
6319,11
6320,7
6321,0
6322,1
6323,11
6324,16
6325,7
6326,11
6327,5
6328,25
6329,3
6330,10
6331,11
6332,5
6333,8
6334,19
6335,15
6336,12
6337,2
6338,5
6339,1
6340,1
6341,12
6342,3
6343,19
6344,11
6345,7
6346,1
6347,1
6348,17
6349,7
6350,7
6351,28
6352,8
6353,13
6354,1
6355,12
6356,7
6357,2
6358,6
6359,2
6360,12
6361,4
6362,7
6363,6
6364,7
6365,0
6366,1
6367,3
6368,3
6369,14
6370,8
6371,19
6372,0
6373,13
6374,2
6375,11
6376,11
6377,11
6378,2
6379,6
6380,6
6381,9
6382,20
6383,2
6384,7
6385,8
6386,11
6387,15
6388,9
6389,8
6390,0
6391,7
6392,8
6393,11
6394,8
6395,1
6396,1
6397,3
6398,23
6399,7
6400,5
6401,21
6402,7
6403,3
6404,7
6405,1
6406,4
6407,13
6408,1
6409,6
6410,3
6411,8
6412,6
6413,19
6414,6
6415,4
6416,1
6417,7
6418,2
6419,7
6420,13
6421,8
6422,6
6423,3
6424,5
6425,11
6426,8
6427,5
6428,11
6429,1
6430,12
6431,19
6432,6
6433,12
6434,4
6435,12
6436,1
6437,5
6438,6
6439,1
6440,7
6441,10
6442,1
6443,0
6444,1
6445,0
6446,7
6447,1
6448,11
6449,7
6450,7
6451,12
6452,11
6453,16
6454,1
6455,8
6456,3
6457,14
6458,1
6459,8
6460,7
6461,2
6462,2
6463,4
6464,9
6465,25
6466,11
6467,15
6468,2
6469,3
6470,1
6471,16
6472,7
6473,7
6474,9
6475,3
6476,19
6477,25
6478,3
6479,26
6480,5
6481,10
6482,7
6483,1
6484,7
6485,4
6486,0
6487,8
6488,7
6489,19
6490,7
6491,12
6492,10
6493,9
6494,3
6495,7
6496,11
6497,2
6498,1
6499,20
6500,22
6501,19
6502,6
6503,5
6504,12
6505,11
6506,15
6507,9
6508,1
6509,25
6510,1
6511,5
6512,19
6513,11
6514,21
6515,1
6516,4
6517,1
6518,15
6519,15
6520,9
6521,1
6522,1
6523,6
6524,8
6525,1
6526,13
6527,7
6528,2
6529,13
6530,5
6531,4
6532,8
6533,4
6534,14
6535,5
6536,9
6537,7
6538,1
6539,6
6540,8
6541,0
6542,23
6543,11
6544,15
6545,25
6546,1
6547,8
6548,26
6549,5
6550,2
6551,17
6552,0
6553,1
6554,7
6555,5
6556,7
6557,6
6558,7
6559,7
6560,4
6561,6
6562,2
6563,7
6564,9
6565,1
6566,12
6567,8
6568,1
6569,7
6570,12
6571,9
6572,5
6573,26
6574,1
6575,1
6576,8
6577,1
6578,5
6579,6
6580,9
6581,1
6582,1
6583,11
6584,0
6585,1
6586,6
6587,11
6588,6
6589,5
6590,7
6591,5
6592,1
6593,7
6594,7
6595,8
6596,1
6597,7
6598,7
6599,0
6600,3
6601,11
6602,4
6603,19
6604,6
6605,7
6606,7
6607,5
6608,8
6609,13
6610,7
6611,19
6612,5
6613,7
6614,8
6615,14
6616,12
6617,4
6618,7
6619,9
6620,7
6621,23
6622,1
6623,6
6624,7
6625,3
6626,19
6627,13
6628,1
6629,11
6630,8
6631,0
6632,8
6633,12
6634,4
6635,7
6636,11
6637,1
6638,1
6639,8
6640,1
6641,14
6642,8
6643,8
6644,16
6645,5
6646,16
6647,1
6648,9
6649,26
6650,12
6651,7
6652,3
6653,6
6654,12
6655,9
6656,16
6657,7
6658,9
6659,3
6660,0
6661,9
6662,12
6663,9
6664,12
6665,5
6666,8
6667,7
6668,12
6669,8
6670,20
6671,7
6672,3
6673,8
6674,11
6675,11
6676,6
6677,8
6678,9
6679,7
6680,0
6681,8
6682,1
6683,1
6684,7
6685,7
6686,8
6687,9
6688,8
6689,7
6690,8
6691,3
6692,8
6693,7
6694,8
6695,1
6696,7
6697,0
6698,11
6699,9
6700,6
6701,7
6702,1
6703,3
6704,11
6705,2
6706,1
6707,8
6708,0
6709,9
6710,5
6711,7
6712,14
6713,12
6714,7
6715,8
6716,1
6717,1
6718,12
6719,8
6720,7
6721,15
6722,8
6723,1
6724,4
6725,15
6726,1
6727,2
6728,4
6729,6
6730,8
6731,1
6732,8
6733,19
6734,28
6735,7
6736,7
6737,4
6738,5
6739,11
6740,12
6741,0
6742,3
6743,4
6744,4
6745,13
6746,7
6747,7
6748,19
6749,11
6750,10
6751,6
6752,1
6753,8
6754,7
6755,1
6756,5
6757,4
6758,5
6759,3
6760,4
6761,8
6762,0
6763,12
6764,4
6765,11
6766,3
6767,7
6768,8
6769,3
6770,9
6771,1
6772,19
6773,1
6774,2
6775,8
6776,15
6777,7
6778,7
6779,19
6780,0
6781,14
6782,19
6783,12
6784,3
6785,1
6786,1
6787,3
6788,7
6789,3
6790,3
6791,12
6792,25
6793,7
6794,3
6795,8
6796,12
6797,7
6798,6
6799,8
6800,8
6801,26
6802,19
6803,13
6804,8
6805,14
6806,15
6807,19
6808,23
6809,2
6810,1
6811,4
6812,2
6813,2
6814,3
6815,5
6816,25
6817,8
6818,7
6819,6
6820,7
6821,0
6822,19
6823,12
6824,8
6825,4
6826,7
6827,9
6828,8
6829,13
6830,15
6831,7
6832,12
6833,21
6834,12
6835,6
6836,7
6837,8
6838,7
6839,5
6840,6
6841,5
6842,5
6843,11
6844,7
6845,10
6846,11
6847,11
6848,4
6849,12
6850,1
6851,9
6852,0
6853,5
6854,9
6855,0
6856,12
6857,1
6858,7
6859,0
6860,6
6861,15
6862,7
6863,4
6864,3
6865,6
6866,9
6867,0
6868,1
6869,13
6870,8
6871,8
6872,1
6873,25
6874,13
6875,0
6876,8
6877,6
6878,5
6879,12
6880,28
6881,7
6882,2
6883,1
6884,1
6885,7
6886,12
6887,1
6888,3
6889,9
6890,10
6891,17
6892,7
6893,0
6894,7
6895,3
6896,19
6897,4
6898,7
6899,6
6900,7
6901,11
6902,20
6903,7
6904,0
6905,2
6906,8
6907,8
6908,2
6909,13
6910,1
6911,1
6912,1
6913,3
6914,2
6915,7
6916,1
6917,10
6918,12
6919,9
6920,7
6921,5
6922,1
6923,14
6924,5
6925,0
6926,7
6927,5
6928,7
6929,7
6930,7
6931,25
6932,6
6933,2
6934,2
6935,7
6936,0
6937,5
6938,2
6939,14
6940,8
6941,6
6942,1
6943,5
6944,4
6945,11
6946,12
6947,3
6948,19
6949,12
6950,5
6951,18
6952,16
6953,4
6954,5
6955,7
6956,5
6957,7
6958,7
6959,9
6960,5
6961,7
6962,8
6963,0
6964,1
6965,7
6966,14
6967,7
6968,6
6969,9
6970,5
6971,13
6972,10
6973,2
6974,2
6975,1
6976,13
6977,7
6978,10
6979,4
6980,8
6981,13
6982,6
6983,11
6984,23
6985,1
6986,11
6987,0
6988,18
6989,4
6990,12
6991,1
6992,9
6993,7
6994,25
6995,7
6996,19
6997,12
6998,5
6999,2
7000,16
7001,7
7002,8
7003,25
7004,8
7005,19
7006,7
7007,8
7008,9
7009,1
7010,7
7011,8
7012,11
7013,5
7014,1
7015,14
7016,1
7017,16
7018,0
7019,11
7020,0
7021,13
7022,6
7023,7
7024,5
7025,19
7026,12
7027,8
7028,7
7029,6
7030,0
7031,11
7032,5
7033,11
7034,6
7035,15
7036,9
7037,9
7038,12
7039,5
7040,19
7041,2
7042,9
7043,7
7044,11
7045,11
7046,11
7047,11
7048,12
7049,0
7050,1
7051,7
7052,1
7053,6
7054,16
7055,25
7056,13
7057,15
7058,12
7059,1
7060,7
7061,12
7062,8
7063,1
7064,23
7065,7
7066,8
7067,11
7068,8
7069,6
7070,7
7071,0
7072,7
7073,4
7074,6
7075,12
7076,11
7077,12
7078,3
7079,6
7080,12
7081,7
7082,1
7083,6
7084,8
7085,8
7086,12
7087,5
7088,1
7089,1
7090,11
7091,15
7092,8
7093,9
7094,4
7095,1
7096,0
7097,0
7098,12
7099,7
7100,13
7101,0
7102,6
7103,7
7104,8
7105,4
7106,7
7107,4
7108,1
7109,1
7110,1
7111,11
7112,8
7113,12
7114,8
7115,11
7116,5
7117,2
7118,4
7119,8
7120,0
7121,4
7122,11
7123,6
7124,8
7125,13
7126,12
7127,7
7128,3
7129,5
7130,16
7131,1
7132,2
7133,8
7134,7
7135,3
7136,11
7137,6
7138,6
7139,25
7140,8
7141,0
7142,0
7143,4
7144,3
7145,11
7146,8
7147,1
7148,3
7149,13
7150,8
7151,2
7152,11
7153,7
7154,3
7155,9
7156,11
7157,1
7158,8
7159,6
7160,4
7161,8
7162,1
7163,1
7164,4
7165,1
7166,19
7167,15
7168,1
7169,7
7170,7
7171,8
7172,16
7173,13
7174,2
7175,8
7176,8
7177,19
7178,1
7179,18
7180,11
7181,5
7182,2
7183,9
7184,8
7185,5
7186,6
7187,8
7188,19
7189,12
7190,11
7191,5
7192,3
7193,8
7194,7
7195,6
7196,0
7197,2
7198,1
7199,11
7200,19
7201,1
7202,15
7203,1
7204,13
7205,13
7206,0
7207,2
7208,7
7209,8
7210,0
7211,15
7212,19
7213,5
7214,5
7215,5
7216,1
7217,11
7218,11
7219,2
7220,8
7221,7
7222,11
7223,7
7224,4
7225,10
7226,12
7227,19
7228,11
7229,6
7230,11
7231,1
7232,13
7233,9
7234,1
7235,13
7236,4
7237,19
7238,15
7239,6
7240,7
7241,5
7242,7
7243,9
7244,8
7245,7
7246,21
7247,7
7248,0
7249,8
7250,8
7251,8
7252,17
7253,2
7254,5
7255,1
7256,11
7257,7
7258,7
7259,5
7260,13
7261,12
7262,7
7263,6
7264,0
7265,8
7266,12
7267,8
7268,8
7269,11
7270,25
7271,12
7272,10
7273,5
7274,9
7275,2
7276,0
7277,1
7278,1
7279,15
7280,6
7281,3
7282,9
7283,8
7284,12
7285,13
7286,1
7287,0
7288,19
7289,19
7290,10
7291,20
7292,7
7293,9
7294,1
7295,2
7296,4
7297,6
7298,3
7299,2
7300,6
7301,9
7302,7
7303,15
7304,1
7305,4
7306,3
7307,7
7308,5
7309,6
7310,8
7311,15
7312,4
7313,1
7314,0
7315,8
7316,12
7317,0
7318,9
7319,4
7320,10
7321,11
7322,12
7323,6
7324,7
7325,6
7326,11
7327,7
7328,8
7329,4
7330,12
7331,4
7332,1
7333,5
7334,26
7335,13
7336,3
7337,8
7338,5
7339,20
7340,12
7341,8
7342,9
7343,9
7344,12
7345,8
7346,5
7347,7
7348,4
7349,1
7350,8
7351,5
7352,25
7353,11
7354,8
7355,8
7356,19
7357,3
7358,15
7359,9
7360,19
7361,7
7362,12
7363,5
7364,19
7365,0
7366,8
7367,19
7368,19
7369,6
7370,1
7371,7
7372,7
7373,0
7374,8
7375,7
7376,7
7377,7
7378,0
7379,8
7380,1
7381,1
7382,13
7383,1
7384,12
7385,12
7386,1
7387,6
7388,8
7389,4
7390,1
7391,9
7392,1
7393,7
7394,12
7395,2
7396,8
7397,8
7398,12
7399,12
7400,1
7401,2
7402,8
7403,6
7404,1
7405,13
7406,1
7407,0
7408,1
7409,12
7410,1
7411,6
7412,0
7413,8
7414,7
7415,22
7416,23
7417,2
7418,7
7419,14
7420,7
7421,11
7422,3
7423,14
7424,9
7425,12
7426,0
7427,18
7428,0
7429,11
7430,7
7431,10
7432,25
7433,4
7434,8
7435,12
7436,1
7437,11
7438,11
7439,7
7440,4
7441,1
7442,1
7443,12
7444,7
7445,12
7446,25
7447,7
7448,12
7449,7
7450,7
7451,7
7452,9
7453,18
7454,19
7455,8
7456,0
7457,1
7458,3
7459,6
7460,8
7461,3
7462,14
7463,15
7464,6
7465,8
7466,7
7467,8
7468,2
7469,3
7470,1
7471,7
7472,1
7473,1
7474,13
7475,0
7476,1
7477,3
7478,4
7479,1
7480,7
7481,4
7482,7
7483,12
7484,3
7485,1
7486,2
7487,9
7488,7
7489,4
7490,7
7491,7
7492,3
7493,12
7494,6
7495,0
7496,25
7497,1
7498,20
7499,5
7500,3
7501,5
7502,8
7503,8
7504,11
7505,0
7506,7
7507,3
7508,4
7509,23
7510,12
7511,3
7512,7
7513,14
7514,12
7515,7
7516,8
7517,11
7518,8
7519,4
7520,1
7521,8
7522,5
7523,7
7524,5
7525,7
7526,10
7527,3
7528,13
7529,12
7530,2
7531,19
7532,8
7533,7
7534,7
7535,0
7536,7
7537,10
7538,1
7539,3
7540,7
7541,7
7542,4
7543,8
7544,7
7545,6
7546,1
7547,15
7548,1
7549,5
7550,1
7551,5
7552,14
7553,16
7554,25
7555,14
7556,7
7557,12
7558,2
7559,7
7560,19
7561,8
7562,7
7563,16
7564,7
7565,3
7566,9
7567,7
7568,0
7569,1
7570,1
7571,12
7572,7
7573,3
7574,8
7575,1
7576,1
7577,6
7578,0
7579,11
7580,12
7581,15
7582,7
7583,8
7584,13
7585,7
7586,1
7587,12
7588,6
7589,6
7590,1
7591,5
7592,6
7593,7
7594,7
7595,10
7596,11
7597,0
7598,15
7599,12
7600,19
7601,12
7602,11
7603,23
7604,6
7605,25
7606,26
7607,1
7608,5
7609,7
7610,15
7611,4
7612,8
7613,5
7614,8
7615,8
7616,1
7617,2
7618,5
7619,19
7620,9
7621,3
7622,2
7623,1
7624,8
7625,0
7626,12
7627,0
7628,6
7629,9
7630,19
7631,11
7632,0
7633,26
7634,4
7635,25
7636,8
7637,11
7638,5
7639,15
7640,11
7641,19
7642,0
7643,12
7644,9
7645,19
7646,9
7647,8
7648,1
7649,12
7650,9
7651,8
7652,5
7653,5
7654,7
7655,1
7656,11
7657,10
7658,5
7659,7
7660,19
7661,19
7662,1
7663,1
7664,0
7665,11
7666,7
7667,5
7668,10
7669,1
7670,16
7671,8
7672,7
7673,19
7674,1
7675,2
7676,4
7677,7
7678,1
7679,8
7680,25
7681,1
7682,11
7683,2
7684,0
7685,0
7686,8
7687,8
7688,9
7689,1
7690,9
7691,11
7692,11
7693,4
7694,9
7695,1
7696,8
7697,11
7698,2
7699,6
7700,8
7701,7
7702,12
7703,4
7704,6
7705,11
7706,11
7707,8
7708,14
7709,19
7710,9
7711,0
7712,4
7713,8
7714,3
7715,1
7716,7
7717,3
7718,1
7719,1
7720,7
7721,8
7722,4
7723,2
7724,4
7725,11
7726,1
7727,8
7728,4
7729,8
7730,19
7731,4
7732,1
7733,1
7734,15
7735,1
7736,7
7737,9
7738,13
7739,0
7740,7
7741,11
7742,5
7743,0
7744,12
7745,7
7746,19
7747,1
7748,12
7749,25
7750,12
7751,1
7752,18
7753,19
7754,15
7755,19
7756,16
7757,12
7758,2
7759,7
7760,13
7761,7
7762,7
7763,7
7764,9
7765,4
7766,11
7767,11
7768,8
7769,12
7770,2
7771,11
7772,9
7773,0
7774,6
7775,9
7776,1
7777,6
7778,7
7779,9
7780,7
7781,11
7782,12
7783,11
7784,8
7785,16
7786,3
7787,7
7788,8
7789,4
7790,12
7791,7
7792,7
7793,7
7794,15
7795,8
7796,14
7797,8
7798,5
7799,6
7800,11
7801,9
7802,0
7803,7
7804,6
7805,7
7806,11
7807,0
7808,3
7809,15
7810,12
7811,11
7812,10
7813,5
7814,2
7815,4
7816,2
7817,7
7818,0
7819,5
7820,12
7821,8
7822,18
7823,19
7824,0
7825,12
7826,10
7827,0
7828,11
7829,1
7830,0
7831,1
7832,6
7833,11
7834,11
7835,2
7836,2
7837,11
7838,11
7839,1
7840,11
7841,9
7842,13
7843,7
7844,12
7845,0
7846,6
7847,7
7848,20
7849,6
7850,8
7851,3
7852,4
7853,8
7854,6
7855,1
7856,6
7857,4
7858,14
7859,12
7860,19
7861,25
7862,6
7863,14
7864,4
7865,5
7866,1
7867,9
7868,6
7869,13
7870,5
7871,1
7872,0
7873,7
7874,1
7875,8
7876,1
7877,26
7878,8
7879,11
7880,1
7881,6
7882,7
7883,13
7884,26
7885,1
7886,5
7887,2
7888,2
7889,11
7890,19
7891,3
7892,5
7893,7
7894,16
7895,4
7896,1
7897,0
7898,5
7899,22
7900,11
7901,1
7902,12
7903,1
7904,8
7905,7
7906,2
7907,13
7908,13
7909,6
7910,5
7911,7
7912,1
7913,11
7914,6
7915,8
7916,11
7917,12
7918,7
7919,12
7920,11
7921,4
7922,13
7923,6
7924,16
7925,3
7926,1
7927,19
7928,7
7929,8
7930,2
7931,13
7932,1
7933,7
7934,3
7935,5
7936,3
7937,12
7938,12
7939,1
7940,5
7941,1
7942,3
7943,8
7944,11
7945,7
7946,7
7947,25
7948,8
7949,16
7950,1
7951,12
7952,8
7953,14
7954,12
7955,0
7956,12
7957,1
7958,2
7959,3
7960,12
7961,6
7962,19
7963,1
7964,4
7965,26
7966,8
7967,9
7968,13
7969,3
7970,1
7971,5
7972,2
7973,6
7974,2
7975,14
7976,9
7977,11
7978,15
7979,8
7980,8
7981,1
7982,4
7983,26
7984,25
7985,2
7986,8
7987,7
7988,7
7989,19
7990,19
7991,11
7992,5
7993,1
7994,2
7995,9
7996,0
7997,15
7998,0
7999,9
8000,12
8001,12
8002,8
8003,20
8004,8
8005,11
8006,2
8007,1
8008,2
8009,11
8010,8
8011,5
8012,3
8013,2
8014,4
8015,15
8016,15
8017,12
8018,6
8019,8
8020,8
8021,1
8022,2
8023,7
8024,4
8025,6
8026,1
8027,13
8028,9
8029,20
8030,4
8031,20
8032,5
8033,5
8034,10
8035,15
8036,11
8037,10
8038,1
8039,19
8040,21
8041,5
8042,9
8043,8
8044,9
8045,19
8046,6
8047,7
8048,9
8049,2
8050,0
8051,8
8052,7
8053,10
8054,0
8055,5
8056,3
8057,1
8058,0
8059,5
8060,8
8061,5
8062,17
8063,19
8064,4
8065,7
8066,11
8067,12
8068,0
8069,1
8070,21
8071,9
8072,7
8073,3
8074,25
8075,7
8076,6
8077,5
8078,19
8079,1
8080,1
8081,8
8082,11
8083,8
8084,7
8085,3
8086,13
8087,5
8088,2
8089,19
8090,19
8091,10
8092,8
8093,11
8094,15
8095,4
8096,3
8097,8
8098,12
8099,3
8100,11
8101,23
8102,4
8103,10
8104,0
8105,7
8106,1
8107,8
8108,1
8109,0
8110,5
8111,7
8112,6
8113,7
8114,11
8115,1
8116,3
8117,7
8118,8
8119,0
8120,12
8121,6
8122,3
8123,2
8124,7
8125,13
8126,13
8127,1
8128,1
8129,7
8130,0
8131,7
8132,5
8133,1
8134,11
8135,5
8136,1
8137,9
8138,2
8139,1
8140,3
8141,5
8142,6
8143,6
8144,2
8145,2
8146,4
8147,7
8148,7
8149,10
8150,8
8151,4
8152,8
8153,8
8154,2
8155,6
8156,23
8157,12
8158,13
8159,5
8160,8
8161,6
8162,7
8163,8
8164,7
8165,7
8166,6
8167,7
8168,13
8169,0
8170,1
8171,6
8172,6
8173,2
8174,10
8175,2
8176,8
8177,19
8178,12
8179,8
8180,19
8181,7
8182,0
8183,11
8184,17
8185,1
8186,2
8187,7
8188,11
8189,14
8190,13
8191,13
8192,9
8193,11
8194,7
8195,7
8196,5
8197,15
8198,0
8199,11
8200,22
8201,10
8202,0
8203,6
8204,14
8205,7
8206,8
8207,26
8208,1
8209,8
8210,11
8211,21
8212,14
8213,11
8214,5
8215,19
8216,1
8217,11
8218,2
8219,11
8220,13
8221,12
8222,6
8223,13
8224,3
8225,7
8226,3
8227,9
8228,7
8229,4
8230,4
8231,3
8232,6
8233,6
8234,6
8235,7
8236,1
8237,13
8238,8
8239,8
8240,12
8241,0
8242,17
8243,8
8244,1
8245,2
8246,8
8247,9
8248,5
8249,19
8250,11
8251,8
8252,7
8253,7
8254,9
8255,7
8256,7
8257,8
8258,19
8259,5
8260,9
8261,2
8262,0
8263,7
8264,1
8265,6
8266,5
8267,5
8268,7
8269,11
8270,0
8271,8
8272,16
8273,19
8274,7
8275,4
8276,7
8277,9
8278,12
8279,0
8280,8
8281,5
8282,13
8283,4
8284,7
8285,7
8286,14
8287,14
8288,2
8289,12
8290,19
8291,11
8292,8
8293,5
8294,5
8295,11
8296,6
8297,9
8298,1
8299,6
8300,3
8301,16
8302,11
8303,16
8304,25
8305,7
8306,8
8307,12
8308,19
8309,19
8310,2
8311,11
8312,0
8313,9
8314,20
8315,12
8316,7
8317,8
8318,8
8319,1
8320,4
8321,1
8322,1
8323,1
8324,8
8325,7
8326,3
8327,1
8328,26
8329,0
8330,26
8331,16
8332,0
8333,11
8334,8
8335,8
8336,1
8337,11
8338,1
8339,7
8340,12
8341,0
8342,6
8343,6
8344,1
8345,4
8346,7
8347,1
8348,13
8349,0
8350,5
8351,3
8352,7
8353,7
8354,25
8355,2
8356,7
8357,12
8358,12
8359,8
8360,1
8361,25
8362,7
8363,0
8364,7
8365,11
8366,19
8367,11
8368,4
8369,7
8370,9
8371,8
8372,1
8373,23
8374,11
8375,16
8376,2
8377,7
8378,1
8379,26
8380,0
8381,0
8382,8
8383,0
8384,17
8385,6
8386,1
8387,9
8388,2
8389,1
8390,7
8391,11
8392,0
8393,13
8394,12
8395,5
8396,1
8397,3
8398,16
8399,7
8400,7
8401,13
8402,7
8403,1
8404,7
8405,11
8406,7
8407,8
8408,7
8409,9
8410,2
8411,3
8412,7
8413,8
8414,11
8415,8
8416,8
8417,19
8418,0
8419,17
8420,5
8421,11
8422,3
8423,8
8424,3
8425,2
8426,16
8427,4
8428,26
8429,5
8430,7
8431,15
8432,9
8433,9
8434,12
8435,1
8436,8
8437,1
8438,6
8439,12
8440,0
8441,9
8442,7
8443,9
8444,19
8445,9
8446,14
8447,11
8448,19
8449,9
8450,9
8451,3
8452,11
8453,11
8454,10
8455,1
8456,7
8457,5
8458,1
8459,8
8460,7
8461,19
8462,5
8463,12
8464,0
8465,11
8466,4
8467,13
8468,8
8469,1
8470,9
8471,1
8472,2
8473,4
8474,13
8475,1
8476,7
8477,9
8478,7
8479,7
8480,1
8481,6
8482,8
8483,8
8484,7
8485,6
8486,13
8487,13
8488,2
8489,1
8490,8
8491,17
8492,20
8493,7
8494,12
8495,11
8496,8
8497,11
8498,5
8499,6
8500,7
8501,2
8502,7
8503,4
8504,19
8505,1
8506,7
8507,9
8508,12
8509,0
8510,8
8511,3
8512,7
8513,8
8514,0
8515,16
8516,3
8517,8
8518,7
8519,1
8520,7
8521,0
8522,26
8523,12
8524,9
8525,5
8526,19
8527,5
8528,5
8529,0
8530,1
8531,8
8532,0
8533,8
8534,11
8535,14
8536,2
8537,0
8538,2
8539,8
8540,11
8541,16
8542,8
8543,1
8544,14
8545,5
8546,8
8547,19
8548,8
8549,1
8550,7
8551,8
8552,1
8553,23
8554,6
8555,1
8556,14
8557,9
8558,8
8559,11
8560,7
8561,5
8562,6
8563,7
8564,8
8565,9
8566,16
8567,9
8568,1
8569,8
8570,11
8571,11
8572,11
8573,12
8574,19
8575,9
8576,1
8577,23
8578,7
8579,8
8580,9
8581,5
8582,11
8583,4
8584,9
8585,20
8586,8
8587,1
8588,4
8589,1
8590,19
8591,4
8592,2
8593,4
8594,9
8595,4
8596,7
8597,23
8598,0
8599,11
8600,11
8601,1
8602,7
8603,7
8604,7
8605,11
8606,23
8607,6
8608,1
8609,12
8610,7
8611,15
8612,9
8613,11
8614,4
8615,25
8616,3
8617,11
8618,0
8619,4
8620,13
8621,12
8622,5
8623,7
8624,1
8625,12
8626,1
8627,1
8628,5
8629,19
8630,1
8631,12
8632,2
8633,11
8634,5
8635,26
8636,11
8637,12
8638,12
8639,12
8640,6
8641,25
8642,5
8643,4
8644,1
8645,26
8646,3
8647,0
8648,1
8649,9
8650,8
8651,1
8652,0
8653,1
8654,1
8655,13
8656,5
8657,7
8658,1
8659,7
8660,10
8661,8
8662,1
8663,1
8664,9
8665,7
8666,6
8667,7
8668,26
8669,7
8670,26
8671,0
8672,8
8673,6
8674,3
8675,12
8676,11
8677,10
8678,8
8679,7
8680,9
8681,3
8682,12
8683,13
8684,19
8685,0
8686,8
8687,3
8688,1
8689,3
8690,7
8691,8
8692,19
8693,8
8694,0
8695,8
8696,6
8697,1
8698,12
8699,3
8700,13
8701,2
8702,1
8703,7
8704,14
8705,7
8706,16
8707,19
8708,1
8709,9
8710,19
8711,7
8712,12
8713,11
8714,3
8715,3
8716,2
8717,10
8718,11
8719,15
8720,7
8721,9
8722,5
8723,11
8724,0
8725,2
8726,11
8727,1
8728,8
8729,3
8730,13
8731,7
8732,2
8733,7
8734,3
8735,11
8736,8
8737,12
8738,8
8739,1
8740,7
8741,7
8742,1
8743,12
8744,8
8745,15
8746,10
8747,8
8748,13
8749,1
8750,3
8751,2
8752,7
8753,19
8754,3
8755,3
8756,2
8757,8
8758,1
8759,1
8760,7
8761,4
8762,10
8763,17
8764,0
8765,4
8766,8
8767,2
8768,7
8769,13
8770,5
8771,6
8772,8
8773,9
8774,11
8775,10
8776,7
8777,5
8778,4
8779,11
8780,9
8781,12
8782,20
8783,7
8784,1
8785,8
8786,2
8787,4
8788,1
8789,2
8790,7
8791,7
8792,16
8793,1
8794,10
8795,15
8796,25
8797,19
8798,7
8799,2
8800,11
8801,9
8802,3
8803,1
8804,9
8805,15
8806,1
8807,1
8808,14
8809,11
8810,7
8811,19
8812,6
8813,25
8814,12
8815,7
8816,5
8817,8
8818,8
8819,26
8820,19
8821,8
8822,1
8823,19
8824,1
8825,19
8826,4
8827,12
8828,6
8829,7
8830,13
8831,11
8832,12
8833,10
8834,2
8835,5
8836,5
8837,8
8838,11
8839,19
8840,7
8841,13
8842,11
8843,7
8844,6
8845,2
8846,3
8847,13
8848,6
8849,8
8850,8
8851,1
8852,19
8853,2
8854,5
8855,1
8856,7
8857,12
8858,2
8859,7
8860,12
8861,7
8862,7
8863,9
8864,6
8865,8
8866,1
8867,1
8868,1
8869,8
8870,14
8871,1
8872,8
8873,4
8874,11
8875,25
8876,8
8877,7
8878,6
8879,5
8880,7
8881,12
8882,12
8883,0
8884,12
8885,7
8886,1
8887,18
8888,7
8889,8
8890,1
8891,15
8892,8
8893,1
8894,3
8895,10
8896,9
8897,12
8898,8
8899,2
8900,7
8901,4
8902,7
8903,25
8904,11
8905,1
8906,9
8907,7
8908,19
8909,3
8910,0
8911,1
8912,11
8913,2
8914,1
8915,0
8916,19
8917,11
8918,16
8919,12
8920,7
8921,6
8922,1
8923,9
8924,10
8925,8
8926,8
8927,5
8928,6
8929,2
8930,7
8931,1
8932,5
8933,23
8934,0
8935,0
8936,4
8937,1
8938,25
8939,8
8940,8
8941,4
8942,5
8943,13
8944,12
8945,19
8946,22
8947,6
8948,6
8949,1
8950,2
8951,9
8952,5
8953,11
8954,0
8955,15
8956,1
8957,6
8958,4
8959,11
8960,19
8961,5
8962,6
8963,8
8964,11
8965,7
8966,3
8967,7
8968,4
8969,12
8970,8
8971,14
8972,11
8973,4
8974,9
8975,25
8976,6
8977,8
8978,12
8979,1
8980,15
8981,8
8982,8
8983,8
8984,4
8985,1
8986,25
8987,6
8988,12
8989,5
8990,2
8991,12
8992,19
8993,8
8994,7
8995,25
8996,5
8997,0
8998,21
8999,11
9000,13
9001,3
9002,7
9003,1
9004,16
9005,7
9006,0
9007,11
9008,19
9009,3
9010,3
9011,5
9012,13
9013,7
9014,1
9015,12
9016,12
9017,7
9018,7
9019,7
9020,4
9021,1
9022,5
9023,4
9024,12
9025,8
9026,4
9027,22
9028,4
9029,8
9030,7
9031,7
9032,8
9033,0
9034,13
9035,11
9036,4
9037,16
9038,1
9039,5
9040,7
9041,7
9042,7
9043,12
9044,19
9045,0
9046,8
9047,5
9048,19
9049,7
9050,0
9051,8
9052,11
9053,12
9054,1
9055,25
9056,12
9057,11
9058,12
9059,7
9060,8
9061,8
9062,3
9063,1
9064,0
9065,0
9066,2
9067,7
9068,25
9069,14
9070,4
9071,7
9072,5
9073,12
9074,1
9075,11
9076,6
9077,3
9078,7
9079,7
9080,7
9081,7
9082,16
9083,0
9084,8
9085,15
9086,13
9087,0
9088,1
9089,3
9090,7
9091,8
9092,16
9093,7
9094,17
9095,16
9096,1
9097,5
9098,8
9099,7
9100,7
9101,7
9102,11
9103,8
9104,26
9105,12
9106,12
9107,3
9108,7
9109,2
9110,11
9111,8
9112,0
9113,0
9114,8
9115,4
9116,1
9117,3
9118,7
9119,7
9120,23
9121,7
9122,1
9123,1
9124,5
9125,1
9126,19
9127,7
9128,1
9129,8
9130,20
9131,5
9132,7
9133,7
9134,8
9135,13
9136,4
9137,12
9138,7
9139,11
9140,8
9141,5
9142,11
9143,7
9144,19
9145,1
9146,11
9147,11
9148,12
9149,1
9150,1
9151,1
9152,1
9153,7
9154,12
9155,16
9156,12
9157,12
9158,19
9159,8
9160,11
9161,8
9162,11
9163,1
9164,6
9165,1
9166,9
9167,1
9168,8
9169,19
9170,12
9171,25
9172,6
9173,12
9174,12
9175,6
9176,9
9177,8
9178,6
9179,4
9180,7
9181,7
9182,13
9183,25
9184,19
9185,8
9186,6
9187,6
9188,15
9189,1
9190,8
9191,7
9192,23
9193,8
9194,1
9195,7
9196,14
9197,23
9198,7
9199,13
9200,14
9201,8
9202,10
9203,9
9204,11
9205,1
9206,8
9207,5
9208,4
9209,2
9210,4
9211,26
9212,12
9213,13
9214,2
9215,15
9216,10
9217,5
9218,7
9219,7
9220,6
9221,7
9222,2
9223,14
9224,3
9225,7
9226,22
9227,26
9228,13
9229,6
9230,12
9231,0
9232,14
9233,19
9234,12
9235,9
9236,1
9237,13
9238,7
9239,5
9240,9
9241,19
9242,12
9243,0
9244,12
9245,11
9246,5
9247,11
9248,8
9249,7
9250,12
9251,11
9252,7
9253,11
9254,2
9255,15
9256,2
9257,7
9258,1
9259,1
9260,8
9261,5
9262,8
9263,1
9264,13
9265,1
9266,5
9267,1
9268,5
9269,7
9270,5
9271,7
9272,0
9273,8
9274,1
9275,11
9276,12
9277,7
9278,19
9279,7
9280,11
9281,1
9282,8
9283,12
9284,16
9285,7
9286,1
9287,12
9288,7
9289,7
9290,10
9291,7
9292,9
9293,7
9294,11
9295,12
9296,7
9297,5
9298,1
9299,3
9300,5
9301,12
9302,7
9303,12
9304,5
9305,5
9306,2
9307,8
9308,3
9309,9
9310,26
9311,7
9312,5
9313,1
9314,3
9315,11
9316,11
9317,6
9318,1
9319,13
9320,7
9321,28
9322,7
9323,4
9324,2
9325,6
9326,0
9327,3
9328,8
9329,5
9330,7
9331,5
9332,0
9333,19
9334,5
9335,6
9336,9
9337,7
9338,14
9339,8
9340,7
9341,2
9342,20
9343,6
9344,7
9345,9
9346,7
9347,23
9348,11
9349,12
9350,0
9351,15
9352,11
9353,1
9354,8
9355,7
9356,4
9357,19
9358,5
9359,5
9360,1
9361,15
9362,8
9363,25
9364,7
9365,15
9366,25
9367,12
9368,7
9369,11
9370,5
9371,8
9372,5
9373,0
9374,5
9375,26
9376,11
9377,11
9378,1
9379,6
9380,26
9381,11
9382,0
9383,13
9384,9
9385,7
9386,2
9387,25
9388,6
9389,8
9390,1
9391,7
9392,0
9393,15
9394,7
9395,0
9396,0
9397,7
9398,5
9399,8
9400,1
9401,13
9402,19
9403,25
9404,8
9405,7
9406,16
9407,7
9408,6
9409,7
9410,8
9411,8
9412,7
9413,15
9414,0
9415,19
9416,16
9417,11
9418,19
9419,0
9420,0
9421,19
9422,3
9423,18
9424,12
9425,9
9426,10
9427,16
9428,0
9429,6
9430,1
9431,8
9432,1
9433,8
9434,25
9435,3
9436,7
9437,5
9438,1
9439,8
9440,12
9441,19
9442,5
9443,8
9444,3
9445,1
9446,6
9447,3
9448,19
9449,11
9450,0
9451,9
9452,12
9453,20
9454,5
9455,13
9456,8
9457,8
9458,1
9459,12
9460,13
9461,8
9462,1
9463,12
9464,1
9465,5
9466,5
9467,8
9468,8
9469,5
9470,1
9471,1
9472,16
9473,1
9474,5
9475,15
9476,7
9477,16
9478,11
9479,12
9480,9
9481,9
9482,4
9483,5
9484,5
9485,9
9486,9
9487,0
9488,3
9489,5
9490,8
9491,19
9492,7
9493,12
9494,7
9495,14
9496,7
9497,5
9498,3
9499,19
9500,1
9501,19
9502,6
9503,5
9504,1
9505,8
9506,2
9507,7
9508,3
9509,0
9510,1
9511,3
9512,7
9513,13
9514,1
9515,1
9516,8
9517,8
9518,18
9519,7
9520,1
9521,25
9522,12
9523,5
9524,4
9525,14
9526,25
9527,13
9528,3
9529,15
9530,1
9531,2
9532,23
9533,12
9534,11
9535,13
9536,12
9537,1
9538,1
9539,5
9540,6
9541,3
9542,12
9543,7
9544,19
9545,5
9546,11
9547,3
9548,8
9549,3
9550,8
9551,7
9552,26
9553,8
9554,8
9555,13
9556,8
9557,11
9558,5
9559,0
9560,3
9561,8
9562,4
9563,9
9564,11
9565,19
9566,6
9567,3
9568,5
9569,1
9570,10
9571,16
9572,12
9573,7
9574,11
9575,5
9576,5
9577,3
9578,19
9579,1
9580,1
9581,7
9582,0
9583,2
9584,2
9585,12
9586,5
9587,6
9588,12
9589,7
9590,8
9591,8
9592,3
9593,8
9594,2
9595,13
9596,3
9597,2
9598,1
9599,1
9600,13
9601,4
9602,0
9603,19
9604,9
9605,5
9606,9
9607,2
9608,11
9609,1
9610,19
9611,8
9612,12
9613,15
9614,9
9615,19
9616,2
9617,13
9618,6
9619,1
9620,7
9621,9
9622,10
9623,19
9624,8
9625,5
9626,0
9627,0
9628,1
9629,11
9630,2
9631,3
9632,2
9633,26
9634,7
9635,11
9636,9
9637,8
9638,19
9639,0
9640,11
9641,7
9642,0
9643,7
9644,7
9645,10
9646,10
9647,0
9648,18
9649,9
9650,11
9651,8
9652,8
9653,4
9654,5
9655,6
9656,11
9657,5
9658,9
9659,2
9660,0
9661,8
9662,8
9663,0
9664,23
9665,25
9666,11
9667,11
9668,19
9669,7
9670,12
9671,11
9672,9
9673,3
9674,1
9675,8
9676,8
9677,5
9678,8
9679,7
9680,8
9681,8
9682,11
9683,7
9684,26
9685,2
9686,7
9687,0
9688,15
9689,7
9690,11
9691,1
9692,14
9693,12
9694,5
9695,7
9696,13
9697,7
9698,8
9699,26
9700,8
9701,7
9702,4
9703,3
9704,5
9705,11
9706,0
9707,8
9708,2
9709,11
9710,4
9711,7
9712,13
9713,3
9714,19
9715,15
9716,19
9717,0
9718,3
9719,7
9720,9
9721,9
9722,7
9723,12
9724,6
9725,13
9726,5
9727,7
9728,5
9729,3
9730,8
9731,5
9732,7
9733,11
9734,7
9735,1
9736,12
9737,10
9738,6
9739,4
9740,5
9741,5
9742,8
9743,2
9744,15
9745,7
9746,1
9747,8
9748,6
9749,3
9750,11
9751,10
9752,11
9753,5
9754,8
9755,13
9756,6
9757,2
9758,2
9759,19
9760,7
9761,1
9762,8
9763,8
9764,8
9765,1
9766,13
9767,7
9768,7
9769,25
9770,0
9771,5
9772,12
9773,7
9774,4
9775,6
9776,8
9777,6
9778,12
9779,3
9780,1
9781,9
9782,0
9783,6
9784,3
9785,19
9786,5
9787,6
9788,13
9789,2
9790,19
9791,6
9792,11
9793,7
9794,2
9795,2
9796,1
9797,7
9798,1
9799,4
9800,9
9801,3
9802,5
9803,9
9804,8
9805,9
9806,8
9807,13
9808,4
9809,1
9810,5
9811,9
9812,7
9813,13
9814,7
9815,7
9816,1
9817,3
9818,19
9819,1
9820,2
9821,3
9822,7
9823,12
9824,5
9825,2
9826,4
9827,0
9828,11
9829,11
9830,6
9831,5
9832,14
9833,6
9834,7
9835,5
9836,19
9837,5
9838,2
9839,1
9840,1
9841,1
9842,6
9843,6
9844,11
9845,16
9846,7
9847,2
9848,11
9849,0
9850,12
9851,6
9852,8
9853,0
9854,11
9855,4
9856,6
9857,8
9858,1
9859,3
9860,23
9861,1
9862,15
9863,5
9864,1
9865,7
9866,11
9867,5
9868,7
9869,5
9870,1
9871,21
9872,5
9873,12
9874,11
9875,8
9876,5
9877,15
9878,0
9879,12
9880,2
9881,6
9882,1
9883,5
9884,11
9885,7
9886,8
9887,16
9888,8
9889,12
9890,4
9891,1
9892,6
9893,8
9894,12
9895,9
9896,8
9897,5
9898,9
9899,7
9900,8
9901,5
9902,19
9903,11
9904,6
9905,8
9906,1
9907,8
9908,2
9909,8
9910,6
9911,1
9912,3
9913,16
9914,8
9915,2
9916,3
9917,7
9918,8
9919,6
9920,0
9921,12
9922,17
9923,12
9924,12
9925,8
9926,8
9927,13
9928,15
9929,9
9930,9
9931,12
9932,8
9933,7
9934,2
9935,7
9936,16
9937,11
9938,4
9939,7
9940,7
9941,8
9942,2
9943,4
9944,11
9945,8
9946,15
9947,11
9948,3
9949,7
9950,2
9951,15
9952,19
9953,1
9954,7
9955,3
9956,8
9957,8
9958,9
9959,7
9960,6
9961,10
9962,2
9963,11
9964,6
9965,2
9966,16
9967,19
9968,7
9969,12
9970,7
9971,1
9972,1
9973,7
9974,11
9975,5
9976,7
9977,8
9978,7
9979,1
9980,5
9981,2
9982,8
9983,0
9984,11
9985,5
9986,7
9987,8
9988,25
9989,14
9990,12
9991,8
9992,3
9993,15
9994,1
9995,5
9996,7
9997,6
9998,9
9999,7
10000,11
10001,8
10002,12
10003,13
10004,1
10005,7
10006,3
10007,8
10008,5
10009,4
10010,1
10011,3
10012,1
10013,1
10014,9
10015,1
10016,7
10017,7
10018,1
10019,5
10020,1
10021,8
10022,7
10023,2
10024,9
10025,11
10026,3
10027,2
10028,1
10029,15
10030,8
10031,16
10032,5
10033,9
10034,13
10035,19
10036,8
10037,8
10038,7
10039,5
10040,8
10041,4
10042,21
10043,8
10044,0
10045,4
10046,0
10047,8
10048,6
10049,19
10050,19
10051,10
10052,1
10053,7
10054,7
10055,1
10056,6
10057,17
10058,7
10059,1
10060,5
10061,1
10062,7
10063,8
10064,15
10065,7
10066,13
10067,6
10068,16
10069,2
10070,20
10071,9
10072,12
10073,2
10074,9
10075,6
10076,25
10077,0
10078,6
10079,12
10080,0
10081,19
10082,2
10083,0
10084,19
10085,6
10086,8
10087,3
10088,7
10089,0
10090,2
10091,13
10092,7
10093,7
10094,4
10095,7
10096,7
10097,0
10098,5
10099,8
10100,7
10101,3
10102,6
10103,1
10104,5
10105,2
10106,1
10107,12
10108,3
10109,7
10110,8
10111,4
10112,1
10113,21
10114,8
10115,6
10116,5
10117,5
10118,8
10119,8
10120,16
10121,6
10122,5
10123,1
10124,13
10125,0
10126,6
10127,1
10128,9
10129,1
10130,1
10131,5
10132,12
10133,15
10134,9
10135,1
10136,13
10137,12
10138,7
10139,11
10140,4
10141,1
10142,13
10143,11
10144,3
10145,19
10146,6
10147,1
10148,13
10149,9
10150,19
10151,8
10152,7
10153,6
10154,5
10155,12
10156,3
10157,16
10158,17
10159,6
10160,9
10161,12
10162,8
10163,19
10164,8
10165,8
10166,11
10167,1
10168,7
10169,9
10170,13
10171,6
10172,15
10173,3
10174,16
10175,13
10176,19
10177,3
10178,8
10179,8
10180,26
10181,8
10182,6
10183,8
10184,8
10185,1
10186,7
10187,6
10188,0
10189,8
10190,8
10191,7
10192,11
10193,25
10194,1
10195,9
10196,1
10197,7
10198,1
10199,7
10200,3
10201,8
10202,16
10203,5
10204,8
10205,10
10206,10
10207,7
10208,11
10209,2
10210,1
10211,1
10212,7
10213,5
10214,8
10215,3
10216,3
10217,9
10218,9
10219,18
10220,19
10221,8
10222,25
10223,18
10224,7
10225,5
10226,7
10227,2
10228,8
10229,12
10230,1
10231,8
10232,1
10233,7
10234,8
10235,19
10236,9
10237,1
10238,6
10239,5
10240,11
10241,16
10242,11
10243,1
10244,7
10245,7
10246,8
10247,13
10248,6
10249,3
10250,22
10251,11
10252,5
10253,1
10254,9
10255,1
10256,5
10257,12
10258,13
10259,3
10260,3
10261,5
10262,1
10263,10
10264,7
10265,1
10266,8
10267,21
10268,1
10269,0
10270,11
10271,28
10272,2
10273,9
10274,7
10275,5
10276,4
10277,11
10278,16
10279,2
10280,1
10281,8
10282,2
10283,11
10284,4
10285,16
10286,12
10287,3
10288,6
10289,25
10290,5
10291,8
10292,6
10293,1
10294,9
10295,4
10296,4
10297,25
10298,8
10299,2
10300,1
10301,1
10302,4
10303,8
10304,8
10305,1
10306,1
10307,5
10308,8
10309,11
10310,7
10311,5
10312,8
10313,4
10314,19
10315,7
10316,4
10317,0
10318,1
10319,8
10320,8
10321,3
10322,7
10323,17
10324,3
10325,8
10326,5
10327,6
10328,9
10329,8
10330,1
10331,7
10332,0
10333,8
10334,19
10335,19
10336,19
10337,15
10338,4
10339,7
10340,6
10341,4
10342,3
10343,7
10344,16
10345,5
10346,4
10347,6
10348,2
10349,25
10350,7
10351,2
10352,1
10353,9
10354,3
10355,6
10356,1
10357,1
10358,3
10359,6
10360,8
10361,25
10362,7
10363,8
10364,11
10365,4
10366,12
10367,8
10368,7
10369,2
10370,8
10371,12
10372,19
10373,25
10374,7
10375,16
10376,7
10377,3
10378,16
10379,6
10380,12
10381,6
10382,1
10383,12
10384,7
10385,6
10386,11
10387,9
10388,3
10389,6
10390,14
10391,2
10392,1
10393,5
10394,0
10395,16
10396,7
10397,7
10398,8
10399,7
10400,25
10401,16
10402,7
10403,7
10404,3
10405,1
10406,7
10407,6
10408,7
10409,9
10410,19
10411,8
10412,6
10413,7
10414,11
10415,1
10416,12
10417,9
10418,8
10419,13
10420,13
10421,8
10422,6
10423,12
10424,15
10425,0
10426,12
10427,7
10428,11
10429,4
10430,12
10431,3
10432,2
10433,13
10434,6
10435,1
10436,7
10437,11
10438,6
10439,2
10440,2
10441,8
10442,7
10443,6
10444,1
10445,5
10446,3
10447,8
10448,1
10449,4
10450,1
10451,19
10452,25
10453,12
10454,19
10455,9
10456,10
10457,11
10458,0
10459,6
10460,14
10461,13
10462,8
10463,6
10464,5
10465,1
10466,12
10467,2
10468,8
10469,7
10470,5
10471,4
10472,3
10473,7
10474,3
10475,12
10476,15
10477,4
10478,7
10479,2
10480,12
10481,8
10482,7
10483,0
10484,5
10485,9
10486,11
10487,11
10488,15
10489,13
10490,9
10491,1
10492,0
10493,12
10494,0
10495,2
10496,12
10497,0
10498,5
10499,9
10500,8
10501,8
10502,19
10503,5
10504,3
10505,3
10506,6
10507,12
10508,19
10509,6
10510,16
10511,11
10512,11
10513,4
10514,11
10515,15
10516,5
10517,1
10518,1
10519,11
10520,10
10521,1
10522,14
10523,11
10524,1
10525,7
10526,5
10527,13
10528,11
10529,8
10530,7
10531,9
10532,2
10533,7
10534,0
10535,11
10536,8
10537,14
10538,15
10539,15
10540,7
10541,8
10542,6
10543,11
10544,13
10545,7
10546,0
10547,5
10548,16
10549,16
10550,8
10551,0
10552,13
10553,5
10554,8
10555,0
10556,11
10557,3
10558,1
10559,4
10560,16
10561,12
10562,0
10563,16
10564,8
10565,0
10566,1
10567,0
10568,7
10569,1
10570,11
10571,2
10572,2
10573,1
10574,8
10575,19
10576,8
10577,11
10578,8
10579,14
10580,15
10581,1
10582,9
10583,2
10584,7
10585,4
10586,9
10587,7
10588,8
10589,11
10590,2
10591,7
10592,7
10593,8
10594,8
10595,11
10596,8
10597,4
10598,1
10599,8
10600,1
10601,5
10602,15
10603,8
10604,7
10605,6
10606,23
10607,1
10608,8
10609,19
10610,0
10611,7
10612,5
10613,4
10614,3
10615,9
10616,5
10617,2
10618,1
10619,3
10620,8
10621,7
10622,5
10623,6
10624,17
10625,11
10626,1
10627,10
10628,3
10629,19
10630,13
10631,1
10632,16
10633,19
10634,6
10635,8
10636,11
10637,1
10638,11
10639,6
10640,12
10641,9
10642,0
10643,1
10644,11
10645,25
10646,9
10647,0
10648,16
10649,14
10650,9
10651,13
10652,13
10653,3
10654,11
10655,7
10656,8
10657,3
10658,11
10659,8
10660,6
10661,12
10662,8
10663,11
10664,0
10665,7
10666,18
10667,7
10668,7
10669,18
10670,18
10671,26
10672,8
10673,0
10674,0
10675,11
10676,5
10677,0
10678,19
10679,4
10680,14
10681,0
10682,1
10683,3
10684,7
10685,7
10686,7
10687,0
10688,0
10689,19
10690,0
10691,1
10692,7
10693,7
10694,12
10695,9
10696,7
10697,2
10698,12
10699,7
10700,26
10701,3
10702,19
10703,5
10704,19
10705,2
10706,0
10707,2
10708,17
10709,1
10710,5
10711,3
10712,7
10713,7
10714,20
10715,0
10716,19
10717,25
10718,9
10719,10
10720,12
10721,5
10722,11
10723,2
10724,8
10725,12
10726,4
10727,12
10728,1
10729,1
10730,25
10731,8
10732,12
10733,8
10734,15
10735,1
10736,7
10737,8
10738,3
10739,0
10740,16
10741,6
10742,7
10743,3
10744,8
10745,15
10746,13
10747,8
10748,3
10749,23
10750,7
10751,4
10752,12
10753,8
10754,5
10755,12
10756,11
10757,7
10758,8
10759,11
10760,7
10761,13
10762,6
10763,3
10764,7
10765,8
10766,0
10767,3
10768,0
10769,4
10770,1
10771,12
10772,1
10773,11
10774,1
10775,4
10776,11
10777,7
10778,5
10779,8
10780,13
10781,7
10782,8
10783,3
10784,5
10785,1
10786,10
10787,2
10788,11
10789,4
10790,4
10791,4
10792,3
10793,16
10794,7
10795,7
10796,5
10797,0
10798,6
10799,9
10800,7
10801,8
10802,9
10803,16
10804,8
10805,15
10806,5
10807,19
10808,11
10809,7
10810,4
10811,19
10812,0
10813,8
10814,7
10815,23
10816,10
10817,7
10818,7
10819,3
10820,6
10821,11
10822,5
10823,5
10824,4
10825,1
10826,19
10827,9
10828,7
10829,9
10830,7
10831,16
10832,13
10833,9
10834,2
10835,19
10836,5
10837,5
10838,0
10839,5
10840,1
10841,11
10842,8
10843,8
10844,1
10845,7
10846,1
10847,0
10848,13
10849,1
10850,16
10851,25
10852,1
10853,5
10854,5
10855,5
10856,1
10857,10
10858,19
10859,8
10860,4
10861,16
10862,19
10863,5
10864,23
10865,2
10866,12
10867,14
10868,3
10869,7
10870,9
10871,14
10872,13
10873,8
10874,1
10875,8
10876,14
10877,7
10878,0
10879,6
10880,2
10881,1
10882,19
10883,6
10884,5
10885,12
10886,0
10887,8
10888,1
10889,7
10890,19
10891,1
10892,3
10893,25
10894,8
10895,19
10896,8
10897,0
10898,0
10899,10
10900,12
10901,1
10902,1
10903,0
10904,7
10905,8
10906,19
10907,1
10908,12
10909,3
10910,6
10911,8
10912,3
10913,2
10914,3
10915,2
10916,3
10917,4
10918,3
10919,6
10920,0
10921,12
10922,8
10923,6
10924,9
10925,6
10926,8
10927,10
10928,19
10929,5
10930,3
10931,7
10932,13
10933,7
10934,9
10935,6
10936,7
10937,4
10938,0
10939,7
10940,7
10941,1
10942,19
10943,9
10944,15
10945,11
10946,8
10947,12
10948,10
10949,8
10950,1
10951,0
10952,8
10953,2
10954,12
10955,19
10956,13
10957,16
10958,8
10959,7
10960,1
10961,7
10962,6
10963,7
10964,7
10965,8
10966,19
10967,3
10968,12
10969,3
10970,7
10971,1
10972,6
10973,7
10974,7
10975,5
10976,1
10977,1
10978,26
10979,1
10980,11
10981,0
10982,1
10983,9
10984,13
10985,3
10986,1
10987,3
10988,8
10989,8
10990,10
10991,9
10992,19
10993,7
10994,13
10995,3
10996,13
10997,7
10998,11
10999,6
11000,5
11001,1
11002,0
11003,12
11004,6
11005,2
11006,7
11007,12
11008,7
11009,12
11010,12
11011,13
11012,9
11013,3
11014,1
11015,7
11016,12
11017,1
11018,7
11019,9
11020,7
11021,0
11022,5
11023,19
11024,20
11025,5
11026,5
11027,2
11028,5
11029,7
11030,1
11031,19
11032,8
11033,8
11034,7
11035,12
11036,5
11037,3
11038,1
11039,15
11040,15
11041,1
11042,14
11043,7
11044,19
11045,1
11046,7
11047,1
11048,12
11049,22
11050,0
11051,3
11052,7
11053,2
11054,9
11055,5
11056,8
11057,7
11058,12
11059,4
11060,5
11061,1
11062,5
11063,1
11064,5
11065,7
11066,11
11067,7
11068,3
11069,8
11070,0
11071,25
11072,1
11073,12
11074,12
11075,23
11076,8
11077,14
11078,8
11079,1
11080,8
11081,10
11082,11
11083,7
11084,5
11085,11
11086,8
11087,0
11088,8
11089,4
11090,9
11091,20
11092,8
11093,5
11094,0
11095,11
11096,5
11097,7
11098,1
11099,16
11100,3
11101,8
11102,19
11103,26
11104,8
11105,11
11106,7
11107,1
11108,7
11109,7
11110,7
11111,9
11112,5
11113,15
11114,19
11115,6
11116,6
11117,12
11118,7
11119,3
11120,5
11121,5
11122,7
11123,1
11124,13
11125,6
11126,10
11127,7
11128,8
11129,7
11130,19
11131,12
11132,7
11133,5
11134,1
11135,5
11136,4
11137,7
11138,8
11139,7
11140,4
11141,2
11142,16
11143,12
11144,10
11145,4
11146,8
11147,14
11148,7
11149,1
11150,6
11151,7
11152,3
11153,1
11154,25
11155,12
11156,8
11157,3
11158,7
11159,15
11160,11
11161,7
11162,3
11163,5
11164,14
11165,12
11166,7
11167,19
11168,12
11169,4
11170,0
11171,7
11172,1
11173,14
11174,25
11175,9
11176,1
11177,2
11178,8
11179,7
11180,8
11181,1
11182,1
11183,5
11184,7
11185,12
11186,19
11187,1
11188,12
11189,26
11190,3
11191,11
11192,7
11193,3
11194,6
11195,6
11196,3
11197,12
11198,8
11199,8
11200,1
11201,8
11202,9
11203,8
11204,5
11205,13
11206,8
11207,8
11208,7
11209,12
11210,14
11211,12
11212,12
11213,16
11214,20
11215,1
11216,1
11217,7
11218,5
11219,1
11220,7
11221,1
11222,8
11223,1
11224,8
11225,6
11226,4
11227,1
11228,4
11229,6
11230,9
11231,5
11232,8
11233,2
11234,8
11235,7
11236,1
11237,8
11238,1
11239,25
11240,7
11241,7
11242,6
11243,1
11244,8
11245,12
11246,0
11247,15
11248,1
11249,19
11250,3
11251,8
11252,5
11253,16
11254,7
11255,5
11256,15
11257,15
11258,7
11259,8
11260,7
11261,3
11262,1
11263,13
11264,1
11265,16
11266,1
11267,5
11268,6
11269,7
11270,0
11271,13
11272,5
11273,14
11274,6
11275,8
11276,7
11277,4
11278,7
11279,6
11280,8
11281,5
11282,19
11283,10
11284,1
11285,7
11286,8
11287,3
11288,6
11289,4
11290,0
11291,8
11292,1
11293,1
11294,8
11295,1
11296,14
11297,5
11298,26
11299,8
11300,25
11301,1
11302,19
11303,18
11304,19
11305,2
11306,0
11307,19
11308,2
11309,13
11310,7
11311,8
11312,5
11313,3
11314,4
11315,5
11316,2
11317,11
11318,5
11319,26
11320,4
11321,13
11322,1
11323,7
11324,11
11325,1
11326,5
11327,15
11328,13
11329,4
11330,26
11331,14
11332,1
11333,12
11334,11
11335,3
11336,12
11337,8
11338,9
11339,12
11340,8
11341,1
11342,8
11343,8
11344,15
11345,11
11346,7
11347,15
11348,11
11349,11
11350,18
11351,11
11352,12
11353,4
11354,7
11355,7
11356,8
11357,10
11358,3
11359,10
11360,7
11361,22
11362,3
11363,11
11364,11
11365,11
11366,2
11367,14
11368,7
11369,2
11370,12
11371,2
11372,5
11373,8
11374,8
11375,12
11376,5
11377,7
11378,9
11379,8
11380,11
11381,2
11382,8
11383,8
11384,5
11385,0
11386,8
11387,4
11388,11
11389,7
11390,15
11391,2
11392,3
11393,0
11394,7
11395,7
11396,4
11397,5
11398,7
11399,7
11400,7
11401,1
11402,11
11403,3
11404,11
11405,14
11406,1
11407,3
11408,5
11409,8
11410,6
11411,7
11412,2
11413,8
11414,6
11415,19
11416,5
11417,8
11418,23
11419,7
11420,1
11421,0
11422,8
11423,4
11424,3
11425,1
11426,3
11427,8
11428,7
11429,1
11430,11
11431,9
11432,11
11433,8
11434,8
11435,7
11436,19
11437,2
11438,8
11439,5
11440,8
11441,12
11442,5
11443,0
11444,5
11445,9
11446,7
11447,5
11448,0
11449,6
11450,9
11451,19
11452,9
11453,5
11454,7
11455,11
11456,7
11457,3
11458,4
11459,7
11460,25
11461,4
11462,11
11463,13
11464,3
11465,8
11466,15
11467,6
11468,5
11469,1
11470,7
11471,11
11472,0
11473,0
11474,8
11475,1
11476,3
11477,15
11478,11
11479,7
11480,7
11481,19
11482,11
11483,6
11484,11
11485,8
11486,9
11487,9
11488,1
11489,13
11490,1
11491,3
11492,9
11493,7
11494,4
11495,4
11496,9
11497,1
11498,8
11499,8
11500,7
11501,12
11502,8
11503,11
11504,8
11505,11
11506,11
11507,0
11508,5
11509,6
11510,11
11511,9
11512,8
11513,9
11514,1
11515,6
11516,15
11517,4
11518,7
11519,12
11520,14
11521,11
11522,13
11523,6
11524,4
11525,8
11526,6
11527,14
11528,8
11529,13
11530,3
11531,8
11532,7
11533,12
11534,0
11535,1
11536,7
11537,1
11538,11
11539,1
11540,5
11541,19
11542,1
11543,15
11544,11
11545,10
11546,12
11547,20
11548,8
11549,12
11550,16
11551,28
11552,12
11553,10
11554,1
11555,19
11556,8
11557,1
11558,12
11559,28
11560,1
11561,12
11562,1
11563,3
11564,7
11565,12
11566,0
11567,0
11568,11
11569,7
11570,16
11571,1
11572,5
11573,7
11574,1
11575,7
11576,5
11577,8
11578,12
11579,1
11580,7
11581,5
11582,12
11583,25
11584,9
11585,5
11586,8
11587,12
11588,8
11589,5
11590,10
11591,12
11592,1
11593,12
11594,5
11595,17
11596,5
11597,7
11598,7
11599,1
11600,7
11601,3
11602,5
11603,1
11604,9
11605,4
11606,12
11607,1
11608,8
11609,6
11610,12
11611,8
11612,12
11613,0
11614,14
11615,5
11616,6
11617,4
11618,1
11619,7
11620,11
11621,6
11622,16
11623,13
11624,19
11625,19
11626,5
11627,5
11628,11
11629,11
11630,12
11631,20
11632,11
11633,11
11634,1
11635,9
11636,2
11637,6
11638,2
11639,1
11640,2
11641,12
11642,2
11643,12
11644,8
11645,5
11646,15
11647,6
11648,7
11649,9
11650,8
11651,4
11652,8
11653,25
11654,12
11655,7
11656,1
11657,1
11658,9
11659,0
11660,8
11661,2
11662,9
11663,11
11664,8
11665,5
11666,0
11667,7
11668,7
11669,3
11670,16
11671,8
11672,12
11673,11
11674,2
11675,7
11676,3
11677,3
11678,0
11679,7
11680,7
11681,19
11682,6
11683,11
11684,16
11685,1
11686,3
11687,9
11688,1
11689,1
11690,8
11691,13
11692,1
11693,5
11694,16
11695,5
11696,5
11697,2
11698,2
11699,7
11700,7
11701,7
11702,6
11703,8
11704,9
11705,14
11706,1
11707,1
11708,2
11709,1
11710,13
11711,16
11712,20
11713,8
11714,1
11715,5
11716,25
11717,26
11718,5
11719,14
11720,11
11721,8
11722,6
11723,11
11724,6
11725,8
11726,11
11727,10
11728,3
11729,1
11730,9
11731,16
11732,4
11733,5
11734,8
11735,8
11736,8
11737,1
11738,7
11739,8
11740,16
11741,1
11742,8
11743,3
11744,23
11745,2
11746,6
11747,25
11748,8
11749,8
11750,7
11751,7
11752,8
11753,12
11754,5
11755,7
11756,1
11757,0
11758,4
11759,7
11760,16
11761,1
11762,7
11763,7
11764,19
11765,2
11766,13
11767,5
11768,25
11769,1
11770,11
11771,8
11772,8
11773,2
11774,6
11775,1
11776,7
11777,19
11778,12
11779,22
11780,8
11781,6
11782,1
11783,9
11784,2
11785,1
11786,8
11787,7
11788,3
11789,3
11790,0
11791,8
11792,9
11793,6
11794,12
11795,0
11796,1
11797,0
11798,9
11799,2
11800,9
11801,1
11802,9
11803,2
11804,4
11805,0
11806,6
11807,5
11808,7
11809,3
11810,5
11811,0
11812,1
11813,5
11814,7
11815,1
11816,13
11817,1
11818,3
11819,11
11820,6
11821,8
11822,5
11823,5
11824,5
11825,17
11826,12
11827,23
11828,0
11829,8
11830,11
11831,8
11832,13
11833,7
11834,13
11835,8
11836,12
11837,19
11838,13
11839,3
11840,19
11841,12
11842,8
11843,8
11844,7
11845,1
11846,1
11847,2
11848,11
11849,2
11850,11
11851,0
11852,9
11853,2
11854,7
11855,7
11856,8
11857,19
11858,1
11859,1
11860,7
11861,4
11862,3
11863,1
11864,13
11865,2
11866,11
11867,5
11868,6
11869,6
11870,8
11871,20
11872,4
11873,4
11874,8
11875,7
11876,1
11877,13
11878,7
11879,9
11880,0
11881,19
11882,4
11883,1
11884,16
11885,8
11886,2
11887,13
11888,1
11889,6
11890,7
11891,26
11892,11
11893,9
11894,7
11895,2
11896,2
11897,1
11898,0
11899,7
11900,8
11901,8
11902,0
11903,2
11904,5
11905,6
11906,25
11907,7
11908,0
11909,5
11910,9
11911,7
11912,12
11913,8
11914,12
11915,1
11916,11
11917,2
11918,1
11919,5
11920,8
11921,8
11922,5
11923,13
11924,11
11925,3
11926,25
11927,8
11928,7
11929,11
11930,1
11931,6
11932,4
11933,7
11934,5
11935,12
11936,7
11937,5
11938,1
11939,5
11940,5
11941,8
11942,12
11943,1
11944,8
11945,5
11946,8
11947,2
11948,6
11949,8
11950,12
11951,8
11952,7
11953,10
11954,5
11955,5
11956,8
11957,8
11958,1
11959,0
11960,8
11961,11
11962,11
11963,12
11964,8
11965,8
11966,20
11967,9
11968,0
11969,8
11970,12
11971,12
11972,11
11973,14
11974,7
11975,0
11976,5
11977,4
11978,7
11979,11
11980,1
11981,8
11982,6
11983,12
11984,12
11985,5
11986,11
11987,19
11988,11
11989,3
11990,7
11991,12
11992,8
11993,12
11994,9
11995,7
11996,7
11997,5
11998,7
11999,4
12000,8
12001,4
12002,16
12003,7
12004,7
12005,9
12006,7
12007,11
12008,8
12009,9
12010,0
12011,5
12012,12
12013,8
12014,9
12015,3
12016,12
12017,2
12018,4
12019,1
12020,0
12021,8
12022,28
12023,11
12024,3
12025,4
12026,7
12027,9
12028,8
12029,2
12030,1
12031,7
12032,5
12033,21
12034,0
12035,7
12036,7
12037,19
12038,0
12039,12
12040,12
12041,25
12042,9
12043,7
12044,9
12045,7
12046,7
12047,1
12048,6
12049,8
12050,8
12051,13
12052,9
12053,7
12054,5
12055,3
12056,11
12057,7
12058,7
12059,0
12060,2
12061,8
12062,19
12063,5
12064,11
12065,5
12066,9
12067,5
12068,6
12069,12
12070,19
12071,11
12072,6
12073,0
12074,6
12075,23
12076,5
12077,1
12078,7
12079,11
12080,20
12081,7
12082,3
12083,13
12084,4
12085,2
12086,14
12087,4
12088,5
12089,6
12090,7
12091,13
12092,8
12093,7
12094,16
12095,7
12096,19
12097,1
12098,12
12099,8
12100,6
12101,11
12102,7
12103,14
12104,5
12105,1
12106,2
12107,3
12108,0
12109,0
12110,5
12111,6
12112,7
12113,6
12114,7
12115,1
12116,8
12117,7
12118,14
12119,7
12120,2
12121,3
12122,8
12123,3
12124,8
12125,9
12126,6
12127,1
12128,12
12129,1
12130,2
12131,12
12132,5
12133,7
12134,1
12135,5
12136,5
12137,10
12138,4
12139,25
12140,1
12141,8
12142,8
12143,1
12144,2
12145,4
12146,12
12147,8
12148,6
12149,1
12150,19
12151,9
12152,12
12153,1
12154,6
12155,1
12156,5
12157,25
12158,18
12159,1
12160,1
12161,1
12162,0
12163,9
12164,7
12165,4
12166,8
12167,1
12168,5
12169,26
12170,13
12171,5
12172,1
12173,19
12174,16
12175,12
12176,10
12177,5
12178,7
12179,3
12180,9
12181,4
12182,12
12183,11
12184,6
12185,5
12186,15
12187,7
12188,0
12189,5
12190,7
12191,4
12192,8
12193,3
12194,8
12195,8
12196,11
12197,6
12198,0
12199,8
12200,8
12201,2
12202,7
12203,1
12204,10
12205,12
12206,13
12207,12
12208,6
12209,11
12210,6
12211,6
12212,6
12213,8
12214,8
12215,4
12216,9
12217,12
12218,26
12219,5
12220,1
12221,4
12222,13
12223,4
12224,1
12225,13
12226,1
12227,22
12228,13
12229,8
12230,28
12231,7
12232,1
12233,28
12234,1
12235,7
12236,1
12237,1
12238,12
12239,15
12240,9
12241,11
12242,4
12243,8
12244,2
12245,0
12246,25
12247,2
12248,8
12249,1
12250,4
12251,19
12252,1
12253,1
12254,1
12255,15
12256,1
12257,11
12258,17
12259,7
12260,11
12261,0
12262,7
12263,5
12264,11
12265,8
12266,6
12267,5
12268,9
12269,4
12270,2
12271,12
12272,8
12273,8
12274,3
12275,1
12276,19
12277,1
12278,1
12279,7
12280,14
12281,12
12282,9
12283,8
12284,4
12285,26
12286,14
12287,8
12288,8
12289,7
12290,7
12291,9
12292,8
12293,16
12294,6
12295,4
12296,15
12297,8
12298,5
12299,8
12300,1
12301,3
12302,5
12303,13
12304,1
12305,1
12306,7
12307,13
12308,16
12309,0
12310,1
12311,8
12312,19
12313,0
12314,9
12315,8
12316,2
12317,9
12318,6
12319,8
12320,3
12321,7
12322,7
12323,11
12324,4
12325,5
12326,19
12327,8
12328,6
12329,6
12330,2
12331,19
12332,25
12333,7
12334,7
12335,8
12336,14
12337,26
12338,3
12339,5
12340,8
12341,13
12342,4
12343,7
12344,8
12345,8
12346,12
12347,13
12348,9
12349,25
12350,13
12351,5
12352,7
12353,8
12354,3
12355,8
12356,11
12357,12
12358,12
12359,11
12360,5
12361,7
12362,6
12363,1
12364,0
12365,25
12366,5
12367,1
12368,4
12369,1
12370,2
12371,7
12372,12
12373,4
12374,3
12375,12
12376,5
12377,12
12378,1
12379,4
12380,19
12381,2
12382,4
12383,19
12384,15
12385,5
12386,13
12387,7
12388,14
12389,6
12390,2
12391,5
12392,3
12393,5
12394,12
12395,9
12396,0
12397,5
12398,25
12399,1
12400,12
12401,2
12402,1
12403,9
12404,9
12405,13
12406,8
12407,8
12408,26
12409,3
12410,5
12411,0
12412,7
12413,6
12414,8
12415,11
12416,6
12417,6
12418,19
12419,8
12420,0
12421,8
12422,8
12423,0
12424,8
12425,6
12426,11
12427,0
12428,11
12429,6
12430,11
12431,1
12432,16
12433,1
12434,5
12435,1
12436,0
12437,7
12438,4
12439,0
12440,3
12441,11
12442,15
12443,8
12444,3
12445,5
12446,2
12447,3
12448,7
12449,6
12450,1
12451,6
12452,1
12453,9
12454,7
12455,6
12456,26
12457,4
12458,8
12459,19
12460,7
12461,25
12462,5
12463,1
12464,8
12465,7
12466,8
12467,12
12468,8
12469,6
12470,7
12471,5
12472,16
12473,7
12474,19
12475,7
12476,7
12477,15
12478,15
12479,11
12480,12
12481,6
12482,1
12483,1
12484,13
12485,1
12486,1
12487,8
12488,12
12489,19
12490,7
12491,6
12492,7
12493,9
12494,0
12495,8
12496,19
12497,7
12498,0
12499,19
12500,7
12501,6
12502,1
12503,8
12504,12
12505,5
12506,16
12507,13
12508,6
12509,8
12510,7
12511,2
12512,9
12513,8
12514,6
12515,9
12516,3
12517,6
12518,5
12519,11
12520,19
12521,1
12522,7
12523,10
12524,1
12525,8
12526,2
12527,5
12528,19
12529,8
12530,4
12531,4
12532,1
12533,7
12534,5
12535,20
12536,11
12537,7
12538,8
12539,8
12540,9
12541,11
12542,7
12543,1
12544,8
12545,7
12546,17
12547,2
12548,7
12549,9
12550,1
12551,11
12552,11
12553,1
12554,5
12555,25
12556,3
12557,10
12558,14
12559,4
12560,11
12561,8
12562,5
12563,4
12564,2
12565,1
12566,3
12567,8
12568,7
12569,1
12570,0
12571,8
12572,1
12573,4
12574,13
12575,5
12576,11
12577,6
12578,8
12579,7
12580,1
12581,1
12582,12
12583,4
12584,13
12585,11
12586,7
12587,13
12588,0
12589,9
12590,2
12591,1
12592,8
12593,1
12594,15
12595,12
12596,0
12597,10
12598,7
12599,3
12600,14
12601,12
12602,7
12603,7
12604,11
12605,4
12606,3
12607,5
12608,7
12609,5
12610,7
12611,7
12612,1
12613,4
12614,8
12615,7
12616,14
12617,8
12618,11
12619,8
12620,9
12621,9
12622,5
12623,2
12624,7
12625,2
12626,12
12627,3
12628,5
12629,1
12630,7
12631,6
12632,7
12633,8
12634,11
12635,25
12636,15
12637,1
12638,1
12639,4
12640,7
12641,12
12642,14
12643,8
12644,19
12645,11
12646,25
12647,1
12648,1
12649,7
12650,0
12651,0
12652,2
12653,7
12654,10
12655,1
12656,3
12657,11
12658,4
12659,12
12660,12
12661,7
12662,6
12663,2
12664,3
12665,0
12666,9
12667,1
12668,1
12669,25
12670,4
12671,9
12672,7
12673,11
12674,1
12675,12
12676,2
12677,6
12678,8
12679,7
12680,1
12681,8
12682,5
12683,9
12684,1
12685,1
12686,0
12687,15
12688,1
12689,28
12690,8
12691,4
12692,19
12693,3
12694,25
12695,4
12696,8
12697,8
12698,21
12699,12
12700,11
12701,5
12702,8
12703,7
12704,7
12705,1
12706,8
12707,9
12708,12
12709,0
